Tanggal,Tn,Tx,Tavg,RH_avg,RR,ss,ff_x,ddd_x,ff_avg,ddd_car
1/1/2010,24,31,26,88,0.6,0,7,360,3,N 
2/1/2010,23,31,26.9,88,2.7,0.8,6,180,4,SW
3/1/2010,24,31,26.6,89,8.5,0.5,5,360,2,S 
4/1/2010,24,31.4,27.1,85,0.5,0.6,7,180,4,N 
5/1/2010,24,30.6,25.5,93,4.2,0.3,5,360,3,N 
6/1/2010,20,30.2,25.2,97,25.2,0.5,6,360,4,W 
7/1/2010,23,29,25.6,87,40.6,0.1,4,360,2,W 
8/1/2010,23,30,26.3,81,9.7,0.1,7,360,2,N 
9/1/2010,24,31,27,80,0,0.5,8,360,4,N 
10/1/2010,20,32,27.1,83,29.5,0.6,8,270,4,N 
11/1/2010,20,32.4,26.9,87,31.7,0.6,10,360,5,NW
12/1/2010,23,31.8,27.4,78,8.2,0.5,10,360,4,N 
1/13/2010,20,31.6,26.9,80,1.8,0.6,7,270,3,N 
1/14/2010,20,30.4,26.3,84,1.8,0.3,4,270,2,W 
1/15/2010,19,31,25.9,87,33.3,0.4,28,360,5,N 
1/16/2010,23,28.2,25.3,88,16.6,0,5,360,3,N 
1/17/2010,24,32.2,26,86,8.6,0.3,8,360,4,N 
1/18/2010,24,30.2,26.5,82,0,0.2,5,360,3,N 
1/19/2010,23,31.4,26.4,82,18.2,0.7,6,180,3,N 
1/20/2010,23,29.6,25.8,90,4.4,0.2,5,225,2,W 
1/21/2010,22,31.2,26.4,83,0,0.4,6,360,3,N 
1/22/2010,23,31.2,26.4,85,0,0.4,5,180,3,N 
1/23/2010,24,31.4,26.5,82,0,0.9,5,180,3,N 
1/24/2010,23,31.4,27.6,80,14.6,0.3,6,360,3,N 
1/25/2010,23,31.4,26.7,90,0.5,0.3,7,360,2,N 
1/26/2010,23,30,25.7,87,0,0.4,4,360,2,SW
1/27/2010,23,27.4,24.7,93,15.2,0,8,360,2,N 
1/28/2010,24,31.6,27.4,92,14,0.8,8,180,4,N 
1/29/2010,24,31.6,26.8,90,0.4,0.4,7,270,3,N 
1/30/2010,25,31.6,26.2,81,12,0.3,5,180,3,S 
1/31/2010,20,29.8,26,94,31,0,8,180,1,S 
1/2/2010,24,29.2,25.9,88,7.2,0.2,4,135,2,S 
2/2/2010,24,31.6,26.7,78,0,0.1,5,360,3,N 
3/2/2010,23,33,26.5,79,0,0.2,8,180,3,S 
4/2/2010,24,32.6,27.1,91,0,0.7,8,360,4,N 
5/2/2010,24,32.6,26.4,88,0,0.5,6,180,3,N 
6/2/2010,23,31.8,27.4,81,13.5,0.9,6,180,4,N 
7/2/2010,24,30,25.8,84,1.4,0.1,5,360,3,N 
8/2/2010,22,31.8,26.8,84,0,0.5,6,270,4,N 
9/2/2010,20,30.4,26,84,0,0.3,5,180,3,N 
10/2/2010,23,30.6,26.4,85,0,0.3,5,360,2,N 
11/2/2010,23,31,26,86,1,0.6,6,180,3,S 
12/2/2010,23,31.2,26.4,86,0,0.8,5,180,2,N 
2/13/2010,23,30.8,27.2,84,11.8,0.6,4,360,2,N 
2/14/2010,24,30.8,27.1,84,0,0.3,5,180,3,N 
2/15/2010,24,32,29.5,82,0.1,0.7,4,180,3,S 
2/16/2010,24,32.2,27.2,80,18,0.7,5,180,2,N 
2/17/2010,24,30.2,26.2,90,0,0.1,4,180,2,N 
2/18/2010,23,31.2,27.3,84,0,0.6,6,180,3,N 
2/19/2010,24,31.6,27.4,82,0.2,0.8,5,180,3,N 
2/20/2010,24,32.2,27,86,1.2,0.2,5,180,2,N 
2/21/2010,23,30,25.8,90,3.1,0,5,180,3,N 
2/22/2010,24,31.2,26.6,85,0.3,0.4,5,180,3,N 
2/23/2010,24,30,26.7,85,4.6,0.1,4,360,2,S 
2/24/2010,22,33,27.5,78,0,0.7,6,180,2,N 
2/25/2010,22,34,27.7,75,0,0.6,8,180,3,NW
2/26/2010,23,32.8,27.7,77,0,0.5,44,360,7,N 
2/27/2010,24,33,29,63,0,0.7,7,360,3,S 
2/28/2010,23,32.8,27.8,76,0,0.8,5,90,3,N 
1/3/2010,24,32.2,26.4,81,0,0.3,8,180,3,S 
2/3/2010,23,32.8,27.9,78,0,0.5,6,360,3,N 
3/3/2010,24,32.2,27.2,79,0,0.9,8,360,3,N 
4/3/2010,23,32,27,82,0,0.8,7,180,3,S 
5/3/2010,23,31.8,26.9,80,1.5,0.1,8,360,3,N 
6/3/2010,21,33,27.2,80,0,0.5,8,360,4,N 
7/3/2010,24,32,28,73,21.3,0.2,5,270,2,N 
8/3/2010,24,32,25.9,88,1.8,0.5,8,180,3,N 
9/3/2010,23,31,26.9,86,10,0.6,5,180,2,N 
10/3/2010,23,29.4,25,91,33.8,0.2,8,360,4,N 
11/3/2010,23,29,25.4,92,18,0.2,6,360,3,N 
12/3/2010,24,31.2,26.9,84,0,0.6,6,180,3,W 
3/13/2010,23,31.2,25,88,27.3,0.6,9,180,4,S 
3/14/2010,23,30.6,26.6,84,28.7,0.6,8,180,3,W 
3/15/2010,23,30.4,26.6,82,0.8,0.4,6,180,4,SW
3/16/2010,23,31.2,27.1,82,52.1,0.8,6,360,3,N 
3/17/2010,23,29,25.5,91,59,0.1,5,360,3,N 
3/18/2010,23,26.4,24.4,97,32.8,0,5,180,1,N 
3/19/2010,23,27.8,25.1,92,29,0,6,360,2,N 
3/20/2010,24,30,26.2,87,31.6,0.4,5,180,2,W 
3/21/2010,23,29.2,25.2,94,33.2,0.1,8,360,2,N 
3/22/2010,23,29.6,25.8,88,9,0.4,4,360,2,S 
3/23/2010,23,30.6,26,83,0,0.8,5,180,2,S 
3/24/2010,23,30.8,26.2,86,0,0.3,4,180,2,SW
3/25/2010,23,31,26.5,86,0,0.2,8,180,2,SW
3/26/2010,23,33.2,28,80,58.9,0.2,5,360,3,N 
3/27/2010,24,31.4,26,89,0,0.3,5,180,2,N 
3/28/2010,24,31.6,26.8,90,4,0.3,8,180,2,S 
3/29/2010,24,30.8,26.8,88,0,0.3,8,180,2,W 
3/30/2010,24,31,26.6,84,0,0.2,5,360,2,N 
3/31/2010,23,32.6,26.7,84,10.5,0.5,10,0,4,N 
1/4/2010,23,32.6,26.7,84,10.5,0.5,10,0,4,N 
2/4/2010,23,32.6,26.7,84,10.5,0.5,10,0,4,N 
3/4/2010,23,32.6,26.7,84,10.5,0.5,10,0,4,N 
4/4/2010,23,32.6,26.7,84,10.5,0.5,10,0,4,N 
5/4/2010,23,32.6,26.7,84,10.5,0.5,10,0,4,N 
6/4/2010,23,32.6,26.7,84,10.5,0.5,10,0,4,N 
7/4/2010,23,32.6,26.7,84,10.5,0.5,10,0,4,N 
8/4/2010,23,32.6,26.7,84,10.5,0.5,10,0,4,N 
9/4/2010,23,32.6,26.7,84,10.5,0.5,10,0,4,N 
10/4/2010,23,32.6,26.7,84,10.5,0.5,10,0,4,N 
11/4/2010,23,32.6,26.7,84,10.5,0.5,10,0,4,N 
12/4/2010,23,32.6,26.7,84,10.5,0.5,10,0,4,N 
4/13/2010,23,32.6,26.7,84,10.5,0.5,10,0,4,N 
4/14/2010,23,32.6,26.7,84,10.5,0.5,10,0,4,N 
4/15/2010,23,32.6,26.7,84,10.5,0.5,10,0,4,N 
4/16/2010,23,32.6,26.7,84,10.5,0.5,10,0,4,N 
4/17/2010,23,32.6,26.7,84,10.5,0.5,10,0,4,N 
4/18/2010,23,32.6,26.7,84,10.5,0.5,10,0,4,N 
4/19/2010,23,32.6,26.7,84,10.5,0.5,10,0,4,N 
4/20/2010,23,32.6,26.7,84,10.5,0.5,10,0,4,N 
4/21/2010,23,32.6,26.7,84,10.5,0.5,10,0,4,N 
4/22/2010,23,32.6,26.7,84,10.5,0.5,10,0,4,N 
4/23/2010,23,32.6,26.7,84,10.5,0.5,10,0,4,N 
4/24/2010,23,32.6,26.7,84,10.5,0.5,10,0,4,N 
4/25/2010,23,32.6,26.7,84,10.5,0.5,10,0,4,N 
4/26/2010,23,32.6,26.7,84,10.5,0.5,10,0,4,N 
4/27/2010,23,32.6,26.7,84,10.5,0.5,10,0,4,N 
4/28/2010,23,32.6,26.7,84,10.5,0.5,10,0,4,N 
4/29/2010,23,32.6,26.7,84,10.5,0.5,10,0,4,N 
4/30/2010,23,32.6,26.7,84,10.5,0.5,10,0,4,N 
1/5/2010,24,29.8,25.6,92,0,0.4,4,180,1,S 
2/5/2010,24,30.4,27.2,87,0,0.6,6,180,2,N 
3/5/2010,24,30,26.7,90,43.8,0.2,4,180,2,W 
4/5/2010,24,31,27.2,87,0,0.4,5,180,3,SW
5/5/2010,24,31.2,27,92,0,0.5,6,225,3,N 
6/5/2010,24,30,24.9,97,0,0.2,5,360,2,N 
7/5/2010,24,31,26.4,90,0,0.5,6,360,3,SW
8/5/2010,24,30,26,93,0,0.4,8,360,2,N 
9/5/2010,24,30,27.4,88,12,0.2,4,180,0,S 
10/5/2010,24,29.8,26.1,92,0,0.2,5,180,2,N 
11/5/2010,25,30.4,24.9,96,27.8,0.2,4,180,2,SW
12/5/2010,24,29,26.1,94,16,0.3,4,180,2,S 
5/13/2010,25,30.8,26.3,81,0,0.5,5,180,3,N 
5/14/2010,24,30.8,27.2,90,12,0.5,5,360,2,N 
5/15/2010,24,31,26.5,88,0,0.3,4,180,2,N 
5/16/2010,24,31.2,27,84,0,0.4,5,180,2,SW
5/17/2010,24,30,26.9,91,4,0.2,6,360,3,S 
5/18/2010,25,30.4,24.1,90,5.8,0.4,5,180,2,N 
5/19/2010,25,30,25.8,95,43.4,0.2,5,180,3,N 
5/20/2010,24,30.4,26.6,98,0,0.3,5,180,2,N 
5/21/2010,24,30.4,26.7,91,48.8,0.4,4,180,2,S 
5/22/2010,24,30.8,27.1,86,9.2,0.3,5,180,2,SW
5/23/2010,24,29.8,25.8,95,5.1,0.2,5,360,2,N 
5/24/2010,25,29.6,26.1,92,4,0.4,3,360,2,N 
5/25/2010,24,30.2,26.6,90,13,0.6,4,180,2,S 
5/26/2010,24,30.2,26.1,91,0.7,0.7,5,180,3,S 
5/27/2010,24,29.6,26.5,90,14.5,0.2,3,180,2,N 
5/28/2010,25,29.6,25.6,89,0.5,0.4,8,360,4,N 
5/29/2010,24,29.6,26.5,90,0,0.6,5,180,4,S 
5/30/2010,24,30.6,26.6,84,0,0.7,4,180,2,S 
5/31/2010,23,29.4,26.3,88,0,0,4,180,2,N 
1/6/2010,24,30.6,25.8,91,3.2,0.4,6,360,3,N 
2/6/2010,24,30,26.2,90,14.1,0.2,8,270,3,N 
3/6/2010,24,29.6,26.3,92,115.4,0.2,6,180,2,N 
4/6/2010,24,29.2,25.7,92,17.7,0.2,5,180,3,N 
5/6/2010,23,27.6,24.3,92,15.9,0.2,6,180,4,N 
6/6/2010,23,29.4,25.4,91,0,0.6,4,180,3,N 
7/6/2010,23,30,25.8,89,11.5,0.7,4,180,3,N 
8/6/2010,25,30.2,25.4,90,19,0.5,6,180,3,N 
9/6/2010,19,26.8,25.7,91,2,0,8,360,3,N 
10/6/2010,23,30,25.3,92,6,0.6,5,180,2,N 
11/6/2010,24,29.6,25.9,87,0.2,0.3,5,360,2,N 
12/6/2010,24,28.8,26.5,88,10.5,0.1,3,180,2,N 
6/13/2010,23,28.2,25.4,94,20.2,0.2,4,180,2,N 
6/14/2010,24,29.6,25.2,90,0.3,0.6,4,180,2,N 
6/15/2010,20,29.2,25.6,91,10.1,0.3,8,180,3,N 
6/16/2010,24,29,26.2,88,12.4,0.4,8,180,3,N 
6/17/2010,23,29.4,25.8,90,1,0.5,5,180,3,N 
6/18/2010,24,29.4,24.9,92,5.2,0.2,13,180,3,N 
6/19/2010,22,25.8,24.9,90,0,0,8,360,3,N 
6/20/2010,23,29.2,25.5,84,0,0.2,5,180,2,N 
6/21/2010,23,28.2,25.1,89,83.4,0.1,5,180,3,N 
6/22/2010,23,27.4,24.8,90,0.8,0,4,360,1,N 
6/23/2010,23,29.4,25.1,90,0,0.4,4,180,2,N 
6/24/2010,23,29.2,25.1,88,0,0.6,5,180,3,N 
6/25/2010,24,30,25,89,0.4,0.6,7,180,3,N 
6/26/2010,23,29,25.6,90,8.2,0.3,5,180,3,N 
6/27/2010,22,29.6,24.9,93,23.2,0.2,8,180,3,N 
6/28/2010,22,27.2,24.2,96,0,0.1,8,360,3,N 
6/29/2010,24,29.2,25.1,86,0,0.6,4,180,2,N 
6/30/2010,24,29.6,25.8,89,0,0.3,5,180,2,N 
1/7/2010,24,29.6,25.8,89,0,0.3,5,180,2,N 
2/7/2010,24,29.6,25.8,89,0,0.3,5,180,2,N 
3/7/2010,24,29.6,25.8,89,0,0.3,5,180,2,N 
4/7/2010,24,29.6,25.8,89,0,0.3,5,180,2,N 
5/7/2010,24,29.6,25.8,89,0,0.3,5,180,2,N 
6/7/2010,24,29.6,25.8,89,0,0.3,5,180,2,N 
7/7/2010,24,29.6,25.8,89,0,0.3,5,180,2,N 
8/7/2010,24,29.6,25.8,89,0,0.3,5,180,2,N 
9/7/2010,24,29.6,25.8,89,0,0.3,5,180,2,N 
10/7/2010,24,29.6,25.8,89,0,0.3,5,180,2,N 
11/7/2010,24,29.6,25.8,89,0,0.3,5,180,2,N 
12/7/2010,24,29.6,25.8,89,0,0.3,5,180,2,N 
7/13/2010,24,29.6,25.8,89,0,0.3,5,180,2,N 
7/14/2010,24,29.6,25.8,89,0,0.3,5,180,2,N 
7/15/2010,24,29.6,25.8,89,0,0.3,5,180,2,N 
7/16/2010,24,29.6,25.8,89,0,0.3,5,180,2,N 
7/17/2010,24,29.6,25.8,89,0,0.3,5,180,2,N 
7/18/2010,24,29.6,25.8,89,0,0.3,5,180,2,N 
7/19/2010,24,29.6,25.8,89,0,0.3,5,180,2,N 
7/20/2010,24,29.6,25.8,89,0,0.3,5,180,2,N 
7/21/2010,24,29.6,25.8,89,0,0.3,5,180,2,N 
7/22/2010,24,29.6,25.8,89,0,0.3,5,180,2,N 
7/23/2010,24,29.6,25.8,89,0,0.3,5,180,2,N 
7/24/2010,24,29.6,25.8,89,0,0.3,5,180,2,N 
7/25/2010,24,29.6,25.8,89,0,0.3,5,180,2,N 
7/26/2010,24,29.6,25.8,89,0,0.3,5,180,2,N 
7/27/2010,24,29.6,25.8,89,0,0.3,5,180,2,N 
7/28/2010,24,29.6,25.8,89,0,0.3,5,180,2,N 
7/29/2010,24,29.6,25.8,89,0,0.3,5,180,2,N 
7/30/2010,24,29.6,25.8,89,0,0.3,5,180,2,N 
7/31/2010,24,29.6,25.8,89,0,0.3,5,180,2,N 
1/8/2010,22,26,24.3,95,0,0,3,360,1,SE
2/8/2010,22,29,25.4,88,2.2,0,3,360,1,N 
3/8/2010,23,29,26,84,13,0.6,5,180,2,S 
4/8/2010,23,29.2,25.9,87,25.8,0,4,180,2,SW
5/8/2010,23,29,25.3,89,4.2,0.4,6,135,2,S 
6/8/2010,23,30,24.9,91,77.6,0,4,135,2,S 
7/8/2010,23,28.4,24.6,91,15.4,0.1,3,135,0,S 
8/8/2010,23,27.4,24.9,92,6.6,0.1,10,180,3,S 
9/8/2010,23,28.8,25.3,91,0,0.1,5,180,2,S 
10/8/2010,23,29,24.5,94,11,0,6,360,2,N 
11/8/2010,24,29,25,89,6.4,0.6,6,360,2,N 
12/8/2010,23,29.6,24.7,90,14.9,0.7,5,180,3,N 
8/13/2010,23,28.6,25.5,89,4,0.5,4,180,2,N 
8/14/2010,24,29.2,26.1,88,0,0.5,8,180,3,SW
8/15/2010,23,29.4,27.2,78,1.3,0.2,6,180,2,S 
8/16/2010,23,29,26.2,88,73.4,0,4,180,2,N 
8/17/2010,20,27.4,24.9,92,6.5,0.1,4,180,1,S 
8/18/2010,24,27.8,25,97,14.7,0.2,4,135,2,N 
8/19/2010,25,29.8,26.1,87,2.8,0.4,5,180,2,N 
8/20/2010,24,29.4,26.2,87,6.4,0.3,5,180,2,S 
8/21/2010,22,29,25.9,88,1.8,0,6,180,3,S 
8/22/2010,23,30.2,25.1,89,3.4,0,5,180,2,SW
8/23/2010,24,29.6,25.4,88,80.9,0.1,5,180,2,SW
8/24/2010,19,27.2,24.8,96,39.2,0.2,6,180,1,S 
8/25/2010,23,28.4,24.8,93,6.9,0.4,6,180,2,S 
8/26/2010,23,29.6,24.8,93,0,0.5,5,180,3,S 
8/27/2010,22,29.6,25.1,91,5.1,0.6,6,180,4,S 
8/28/2010,23,29.2,24.7,90,0.6,0.2,4,180,2,S 
8/29/2010,23,29.2,24.9,90,37.3,0.4,6,360,2,S 
8/30/2010,22,29,25,90,4.6,0.5,8,360,3,N 
8/31/2010,22,29.6,25.1,88,27.1,0.6,4,360,2,N 
1/9/2010,22,29.6,25.1,88,27.1,0.6,4,360,2,N 
2/9/2010,22,29.6,25.1,88,27.1,0.6,4,360,2,N 
3/9/2010,22,29.6,25.1,88,27.1,0.6,4,360,2,N 
4/9/2010,22,29.6,25.1,88,27.1,0.6,4,360,2,N 
5/9/2010,22,29.6,25.1,88,27.1,0.6,4,360,2,N 
6/9/2010,22,29.6,25.1,88,27.1,0.6,4,360,2,N 
7/9/2010,22,29.6,25.1,88,27.1,0.6,4,360,2,N 
8/9/2010,22,29.6,25.1,88,27.1,0.6,4,360,2,N 
9/9/2010,22,29.6,25.1,88,27.1,0.6,4,360,2,N 
10/9/2010,22,29.6,25.1,88,27.1,0.6,4,360,2,N 
11/9/2010,22,29.6,25.1,88,27.1,0.6,4,360,2,N 
12/9/2010,22,29.6,25.1,88,27.1,0.6,4,360,2,N 
9/13/2010,22,29.6,25.1,88,27.1,0.6,4,360,2,N 
9/14/2010,22,29.6,25.1,88,27.1,0.6,4,360,2,N 
9/15/2010,22,29.6,25.1,88,27.1,0.6,4,360,2,N 
9/16/2010,22,29.6,25.1,88,27.1,0.6,4,360,2,N 
9/17/2010,22,29.6,25.1,88,27.1,0.6,4,360,2,N 
9/18/2010,22,29.6,25.1,88,27.1,0.6,4,360,2,N 
9/19/2010,22,29.6,25.1,88,27.1,0.6,4,360,2,N 
9/20/2010,22,29.6,25.1,88,27.1,0.6,4,360,2,N 
9/21/2010,22,29.6,25.1,88,27.1,0.6,4,360,2,N 
9/22/2010,22,29.6,25.1,88,27.1,0.6,4,360,2,N 
9/23/2010,22,29.6,25.1,88,27.1,0.6,4,360,2,N 
9/24/2010,22,29.6,25.1,88,27.1,0.6,4,360,2,N 
9/25/2010,22,29.6,25.1,88,27.1,0.6,4,360,2,N 
9/26/2010,22,29.6,25.1,88,27.1,0.6,4,360,2,N 
9/27/2010,22,29.6,25.1,88,27.1,0.6,4,360,2,N 
9/28/2010,22,29.6,25.1,88,27.1,0.6,4,360,2,N 
9/29/2010,22,29.6,25.1,88,27.1,0.6,4,360,2,N 
9/30/2010,22,29.6,25.1,88,27.1,0.6,4,360,2,N 
1/10/2010,24,29.8,25.9,88,0.6,0.3,5,180,3,S 
2/10/2010,23,30.4,25.3,91,0.9,0.5,5,180,2,S 
3/10/2010,24,31,25.8,92,17.4,0.5,7,180,3,N 
4/10/2010,24,29,25.9,90,1,0.1,4,360,1,N 
5/10/2010,23,30.4,27.2,87,3.4,0.6,4,180,3,N 
6/10/2010,24,30.4,26.6,86,22.8,0.6,7,360,3,N 
7/10/2010,23,28.8,26.1,91,2.4,0.2,6,360,3,N 
8/10/2010,23,29.8,25.5,90,3,0.5,5,360,3,N 
9/10/2010,23,31,26,87,4,0.6,10,180,4,N 
10/10/2010,21,28.2,24.6,94,25.8,0,8,360,3,N 
11/10/2010,22,30,26.1,83,0,0.9,6,180,4,S 
12/10/2010,24,30.2,26,88,0.3,0,6,180,3,N 
10/13/2010,23,30.6,26.7,88,0.3,0.5,5,360,2,N 
10/14/2010,23,31.4,26.4,82,0,1,6,180,4,S 
10/15/2010,22,31.4,27.4,80,0,0.9,6,180,4,N 
10/16/2010,23,32,26.5,76,0,0.9,5,180,3,S 
10/17/2010,22,31.2,26.8,80,0,0.4,6,360,3,N 
10/18/2010,23,31.2,26.8,80,0,0.7,7,180,4,N 
10/19/2010,24,32,27.7,79,1.6,0.6,18,360,4,N 
10/20/2010,24,29.8,26.3,87,4.2,0.2,5,360,2,N 
10/21/2010,23,30.8,25,87,28,0.5,5,360,3,N 
10/22/2010,23,31.4,26.1,80,0,0.8,6,180,3,N 
10/23/2010,24,31,27.1,83,18.8,0.6,7,180,3,N 
10/24/2010,23,29,26.2,88,8.6,0.2,3,360,1,N 
10/25/2010,23,31.1,26.8,87,15,0.7,15,180,4,N 
10/26/2010,24,31.6,27,84,0,0.9,7,360,3,N 
10/27/2010,23,30.4,26.9,84,37.3,0.4,6,360,4,N 
10/28/2010,24,30.2,25.3,91,8.2,0.4,5,360,3,N 
10/29/2010,24,30,26.2,86,2.2,0.4,6,180,2,N 
10/30/2010,24,30.8,25.3,89,2.8,0.4,8,360,4,N 
10/31/2010,24,30.6,26.7,85,0.2,0.7,8,180,4,W 
1/11/2010,23,30.2,26.5,80,0,0.8,4,180,3,N 
2/11/2010,24,30.8,26.6,84,2,0.5,6,180,3,N 
3/11/2010,22,29.2,24.8,92,52.2,0.1,6,180,3,N 
4/11/2010,24,30.8,26.8,81,0,0.6,5,180,3,W 
5/11/2010,23,29.4,24.6,92,0,0.2,5,180,3,N 
6/11/2010,23,31,26.6,84,0,0.6,5,360,2,N 
7/11/2010,23,30.4,25.9,88,18.6,0.4,8,180,3,N 
8/11/2010,24,31,27.3,83,0,0.7,6,180,3,SW
9/11/2010,23,30.4,26.7,85,0,0.2,4,225,2,N 
10/11/2010,23,30,25.9,86,0.5,0.2,34,180,5,N 
11/11/2010,24,30.8,26.5,82,18.4,0.4,6,180,3,S 
12/11/2010,23,29.2,26.1,87,40.8,0.2,6,180,3,W 
11/13/2010,23,30,26.8,89,4.2,0.5,5,360,3,S 
11/14/2010,24,30.6,26.4,90,0.8,0.3,4,180,3,N 
11/15/2010,23,30.6,24.5,94,0,0.2,8,180,3,SW
11/16/2010,23,29.6,24.7,95,13.6,0,5,180,2,S 
11/17/2010,23,29,24.9,92,0,0.2,4,180,2,N 
11/18/2010,22,30.4,26.5,86,21.8,0.3,5,360,3,N 
11/19/2010,23,31.6,26.3,84,0,0.6,7,360,3,N 
11/20/2010,24,29.8,26.7,85,0,0.4,6,180,3,N 
11/21/2010,23,30.6,26.1,88,0,0.4,5,45,2,N 
11/22/2010,22,30.6,25.1,92,30,0.3,5,360,2,N 
11/23/2010,22,30.4,25,88,5.2,0.4,6,180,3,S 
11/24/2010,24,31.2,26.6,85,0,0.7,5,180,3,S 
11/25/2010,24,31.2,27,84,0,0.7,4,180,3,N 
11/26/2010,24,31,26.8,86,0,0.4,5,360,3,N 
11/27/2010,23,29.8,25.7,89,0,0.3,5,360,2,W 
11/28/2010,23,30.4,24.7,94,0,0.4,5,180,3,S 
11/29/2010,23,30.4,26.2,88,1.8,0.6,4,180,2,N 
11/30/2010,23,31.2,26.9,83,1.5,0.5,4,360,3,N 
1/12/2010,23,30.8,26.3,87,1.6,0.5,5,360,3,N 
2/12/2010,24,31.8,27.5,80,0,0.6,6,360,4,N 
3/12/2010,23,31.2,27.1,85,3.8,0.4,5,360,2,N 
4/12/2010,23,31,27.1,82,40,0.6,4,180,3,N 
5/12/2010,23,28.6,26,91,10.8,0.2,5,0,2,N 
6/12/2010,23,30.4,27.3,82,10,0.3,5,0,3,N 
7/12/2010,23,30,24.6,92,23.6,0.2,6,0,3,N 
8/12/2010,23,29.6,25.1,94,7,0.1,5,0,3,N 
9/12/2010,23,31,24.8,84,2.5,0.7,6,0,4,N 
10/12/2010,23,31,26.7,85,0.1,0.5,6,0,4,N 
11/12/2010,23,30.2,25.7,89,3,0.3,6,0,3,N 
12/12/2010,23,30.4,26.2,78,20.5,0.6,4,0,2,N 
12/13/2010,23,29.8,24.8,78,0,0,5,0,2,N 
12/14/2010,23,31.6,27.1,80,1.4,0.2,5,0,3,N 
12/15/2010,23,28,25.2,86,1.5,0,8,0,2,N 
12/16/2010,23,29.6,26.4,85,0.5,0.2,5,360,3,N 
12/17/2010,22,30.4,26.8,82,0,0.7,6,360,3,N 
12/18/2010,22,30.4,25.6,87,0.2,0.7,4,180,3,N 
12/19/2010,21,30.4,25.8,87,61.5,0,8,360,3,N 
12/20/2010,23,30.8,26.3,80,15.2,0.6,5,180,4,N 
12/21/2010,23,30.4,26.4,86,6.4,0.5,7,360,4,N 
12/22/2010,24,30.8,26.5,85,0.1,0.3,5,360,3,N 
12/23/2010,22,31,27.6,81,8.9,0,9,360,5,N 
12/24/2010,22,30,24.5,91,51,0.1,7,360,3,N 
12/25/2010,22,30.8,25.3,91,4.3,0.1,4,360,2,N 
12/26/2010,23,27,24.3,92,27.6,0,5,360,3,N 
12/27/2010,23,29.6,25.9,84,0,0.1,5,360,3,N 
12/28/2010,23,31.2,26.9,86,3,0.6,7,360,3,S 
12/29/2010,23,29,25.1,94,4.3,0.1,8,360,4,N 
12/30/2010,23,30.8,26.1,85,15.4,0.2,5,360,3,N 
12/31/2010,22,29.2,24.7,91,48.3,0,5,0,3,N 
1/1/2011,22,28.6,23.3,96,18.8,0.3,5,360,4,N 
2/1/2011,23,30.8,26,80,2.5,0.3,6,180,4,N 
3/1/2011,22,30.8,26.8,80,0,0.1,5,360,2,N 
4/1/2011,22,30.6,26.4,83,0,0.9,5,180,3,N 
5/1/2011,23,30.4,27.5,79,0,0.2,8,360,4,N 
6/1/2011,23,31,26.3,82,5.6,0.2,10,360,3,NW
7/1/2011,23,31,24.3,92,12,0.4,10,360,4,N 
8/1/2011,22,30.4,26.8,82,0,0.8,6,360,4,N 
9/1/2011,22,31.2,26,86,8,0.4,5,360,3,N 
10/1/2011,23,30.4,26.4,83,0,0.6,6,270,4,N 
11/1/2011,23,31.4,25.2,86,0,0.5,5,360,3,N 
12/1/2011,23,30.2,26.4,84,30.8,0.2,5,360,3,N 
1/13/2011,22,27.6,24.6,94,51.5,0.1,8,270,3,NW
1/14/2011,23,31.2,26.5,78,2,0.6,7,270,3,N 
1/15/2011,22,28,25.2,91,26.1,0.2,39,360,6,N 
1/16/2011,23,29.4,25.7,89,0,0.2,4,360,3,N 
1/17/2011,22,30,23.9,93,28.5,0.2,8,360,4,N 
1/18/2011,23,30.4,25.6,80,0,0.2,4,360,2,N 
1/19/2011,23,31,27.5,80,0.4,0.9,8,180,4,N 
1/20/2011,23,32,27,80,0,0.2,4,225,3,N 
1/21/2011,22,30.6,26,92,0,0.4,5,360,3,SW
1/22/2011,23,29.4,25,91,9.6,0,5,180,4,N 
1/23/2011,23,31,25.3,86,0,0.6,6,180,3,N 
1/24/2011,23,31,26,84,0,0.5,6,360,2,N 
1/25/2011,21,30.4,25.9,82,20.2,0.7,6,360,4,N 
1/26/2011,22,29.4,24.5,91,3.3,0.5,6,135,3,N 
1/27/2011,23,29.8,25.3,84,5.5,0.3,8,360,3,N 
1/28/2011,23,30,26.4,76,0,0.2,4,180,3,N 
1/29/2011,23,28.4,23,93,15.3,0.1,8,360,3,N 
1/30/2011,24,29.8,25.6,88,2.5,0.3,8,360,4,N 
1/31/2011,23,29.6,25.6,88,4,0.4,6,0,4,N 
1/2/2011,23,31,27.4,76,0,0.3,5,360,3,N 
2/2/2011,23,30.6,26,85,41.6,0.2,6,360,3,N 
3/2/2011,23,29.2,25.2,88,0,0.2,4,180,2,N 
4/2/2011,23,30.2,26,88,3,0.1,4,360,3,N 
5/2/2011,23,30,26.1,82,0,0.4,4,180,3,N 
6/2/2011,23,30.8,25.9,87,37.4,0.5,6,360,4,N 
7/2/2011,22,30,25.5,90,70.7,0.2,8,180,4,N 
8/2/2011,22,30,25.6,88,0,0.4,5,360,3,N 
9/2/2011,25,30.6,26.2,82,1,0.5,8,360,4,N 
10/2/2011,22,31.4,26.5,80,2.3,0.6,8,360,3,S 
11/2/2011,22,31.4,26.6,78,2.3,0.6,5,180,2,N 
12/2/2011,24,30,26.1,78,2,0.4,5,180,3,S 
2/13/2011,23,29.4,25.7,88,12,0.3,5,360,2,N 
2/14/2011,22,30,24.8,90,1.5,0.5,5,360,3,N 
2/15/2011,23,30.2,25.6,88,0,0.6,5,180,2,W 
2/16/2011,22,30.6,26.3,87,9.4,0.5,5,360,3,N 
2/17/2011,23,30.2,25.7,87,0.5,0.5,5,180,3,S 
2/18/2011,23,30.8,26.3,84,13.8,0.6,5,360,3,N 
2/19/2011,24,30,24.9,82,0,0.6,6,180,2,N 
2/20/2011,21,30.4,25.1,85,58.5,0.3,5,360,4,N 
2/21/2011,24,30,25.7,78,2,0.3,13,360,3,N 
2/22/2011,22,31,24.6,91,41.3,0.6,10,180,4,N 
2/23/2011,22,26.8,23.6,95,34.3,0,8,360,3,N 
2/24/2011,23,30.4,26,84,0,0.5,5,360,3,N 
2/25/2011,22,30.2,25.1,90,18,0.2,8,360,5,N 
2/26/2011,22,30.4,27,76,0,0.4,5,360,3,N 
2/27/2011,22,32.8,26.5,84,0,0.8,5,360,3,N 
2/28/2011,23,31,25.1,85,4.2,0.6,6,360,3,N 
1/3/2011,23,31,26,91,0,0.4,5,180,2,N 
2/3/2011,23,30.8,25.6,89,0,0.3,4,360,3,N 
3/3/2011,24,23,23.9,96,0,0,8,180,2,N 
4/3/2011,23,29.2,26,84,0,0,5,180,3,S 
5/3/2011,23,30,26.1,86,0,0.4,4,360,3,N 
6/3/2011,24,30.6,26.3,84,0,0.6,4,180,3,N 
7/3/2011,22,28,24.7,88,0,0,5,360,2,S 
8/3/2011,22,30.4,25.5,86,0,0.5,5,360,2,N 
9/3/2011,22,30.8,26.6,81,2.7,0.7,4,360,3,N 
10/3/2011,23,30.6,25.5,87,23,0.5,5,360,3,N 
11/3/2011,23,30.2,25.4,90,6.8,0.4,4,360,3,S 
12/3/2011,22,29.4,25.7,86,5,0.2,5,180,2,S 
3/13/2011,23,29.6,25.9,83,0,0.2,3,180,3,N 
3/14/2011,24,30.8,25.1,83,0,0.2,4,180,2,N 
3/15/2011,22,30.2,25.2,93,6.3,0.2,5,360,4,N 
3/16/2011,23,30.2,24.5,90,0,0.6,5,180,3,S 
3/17/2011,24,29.8,25.3,88,4.6,0.2,5,360,2,N 
3/18/2011,23,29.8,25.8,86,1.2,0.2,6,180,2,N 
3/19/2011,23,36,26.5,84,4.6,0.3,4,180,3,S 
3/20/2011,23,35,25.1,92,0,0.1,5,180,3,N 
3/21/2011,24,30,25.5,89,12.5,0.2,5,360,2,N 
3/22/2011,23,29.6,25.3,90,0,0.1,5,360,3,N 
3/23/2011,24,30.2,25.5,86,2.4,0.3,6,180,2,N 
3/24/2011,23,30,25.6,90,17,0.3,4,180,2,N 
3/25/2011,22,29.2,25.2,90,75,0.2,8,180,3,N 
3/26/2011,23,30,25.7,86,0,0.3,4,360,2,N 
3/27/2011,23,31.8,24.2,94,17.3,0,10,360,3,N 
3/28/2011,23,30.2,25.6,84,2,0.1,6,360,3,N 
3/29/2011,24,30.2,26.4,83,0,0,4,180,2,SW
3/30/2011,23,31.6,26.2,81,0,0.4,9,360,3,N 
3/31/2011,23,33,27.5,82,0,0.5,9,360,3,N 
1/4/2011,24,31.6,26.2,85,0.3,0.1,5,360,2,N 
2/4/2011,23,30.4,26.6,85,0,0.7,5,360,2,S 
3/4/2011,26,31,27.5,78,0,0.9,5,180,3,S 
4/4/2011,21,33.2,26.7,88,46.6,0.3,4,180,2,N 
5/4/2011,21,30,24.7,91,0,0.1,4,180,2,N 
6/4/2011,23,31.6,26.5,84,0,0.9,5,225,3,SW
7/4/2011,23,26.4,24.1,91,6.9,0,7,180,3,N 
8/4/2011,23,30,25.4,86,16.4,0.1,8,180,3,N 
9/4/2011,23,31,25.9,88,0,0.5,5,360,3,SW
10/4/2011,23,30.2,27.9,78,0.2,0.6,4,180,2,N 
11/4/2011,23,30,26.4,82,2,0.2,4,180,3,N 
12/4/2011,23,30.2,25.7,88,1,0.1,4,180,2,N 
4/13/2011,23,30.6,26.6,85,0.8,0.4,4,360,3,N 
4/14/2011,23,30.6,26.1,86,0.1,0.5,4,180,2,N 
4/15/2011,23,29.8,25.9,87,0,0.1,5,360,2,N 
4/16/2011,23,30.6,25.5,87,49.9,0.2,9,180,3,N 
4/17/2011,23,27.6,24.3,95,86.7,0.1,4,180,2,N 
4/18/2011,23,29.8,26.3,82,0,0.7,4,180,2,N 
4/19/2011,24,30.6,25.4,87,2.9,0.5,4,360,3,N 
4/20/2011,23,29.4,25.6,88,2.4,0.2,4,360,2,N 
4/21/2011,24,30.2,26.3,84,4.3,0.6,4,180,3,SW
4/22/2011,24,31,25.8,88,1,0.2,4,180,2,N 
4/23/2011,23,29.6,26.1,89,6.4,0.3,4,180,2,N 
4/24/2011,23,29.6,25.8,89,8.2,0,34,180,4,N 
4/25/2011,23,30,26.2,90,20,0.6,4,180,2,N 
4/26/2011,23,30,25.6,91,2.4,0.3,4,180,2,N 
4/27/2011,23,29.2,24.5,94,27.1,0,8,180,3,N 
4/28/2011,24,29.8,25.9,86,0.6,0.2,4,180,2,N 
4/29/2011,23,28.2,25.1,90,9.5,0.2,6,360,3,N 
4/30/2011,24,29.6,25.6,89,7.4,0.5,5,180,2,N 
1/5/2011,24,30.2,26.1,90,0.3,0.5,4,360,2,N 
2/5/2011,23,30,24.7,96,85.2,0.2,4,360,3,N 
3/5/2011,40,30.2,26.2,87,0,0.2,4,180,2,S 
4/5/2011,23,29.8,26.9,86,0.2,0,5,360,2,N 
5/5/2011,24,29.6,25.7,86,0,0.1,4,360,2,N 
6/5/2011,23,30.4,26.3,84,0,0.3,4,360,3,N 
7/5/2011,23,30.2,25.9,87,0,0.3,4,180,2,N 
8/5/2011,24,29.2,25.1,92,0.3,0.4,4,360,2,S 
9/5/2011,23,29.4,25.3,93,0,0.4,6,360,3,N 
10/5/2011,23,29.4,25.5,90,1.9,0.3,5,360,3,N 
11/5/2011,23,28.2,25,91,1,0.1,4,360,2,N 
12/5/2011,23,30.2,26.1,90,0.1,0.6,4,180,3,S 
5/13/2011,24,30,25.2,92,0,0.6,4,180,2,N 
5/14/2011,21,30,23.7,96,46.6,0,9,360,3,N 
5/15/2011,23,30,25.4,82,0,0.6,4,180,3,S 
5/16/2011,24,30.2,27,83,0,0.7,4,360,3,S 
5/17/2011,24,30,25.3,88,0,0.1,6,360,4,N 
5/18/2011,23,29.6,25.1,92,0.7,0.2,5,360,3,N 
5/19/2011,24,29.6,25.3,92,60,0.4,5,360,2,N 
5/20/2011,23,30,26.1,88,2,0.2,4,360,2,N 
5/21/2011,24,29.8,25.8,88,0,0.6,6,180,3,S 
5/22/2011,23,29.6,26,88,1.2,0.4,5,180,2,S 
5/23/2011,23,29.2,25.5,90,13.2,0.2,4,180,2,S 
5/24/2011,23,28.6,25,94,12.6,0.3,4,360,2,N 
5/25/2011,23,29,24.5,92,0,0.5,9,360,4,N 
5/26/2011,23,29.6,24.9,90,78.3,0.6,6,180,3,W 
5/27/2011,23,29.6,24.9,94,8.9,0.4,5,180,2,N 
5/28/2011,23,28,24.5,94,41,0.1,4,180,2,N 
5/29/2011,23,29.8,25.4,84,0,0.7,5,180,3,N 
5/30/2011,23,29.8,25.4,89,0,0.7,5,180,3,N 
5/31/2011,23,27.6,24.2,97,44.6,0.6,4,180,2,S 
1/6/2011,23,28.8,24.9,92,12,0.2,10,180,4,S 
2/6/2011,23,27.8,25.1,92,55,0.2,8,180,4,S 
3/6/2011,23,29,24.9,94,58,0.5,4,360,2,N 
4/6/2011,23,29.6,25.2,92,6,0.3,3,180,2,S 
5/6/2011,24,30.2,26.5,88,0,0.4,5,180,3,S 
6/6/2011,24,29.4,25.7,90,0,0.2,5,90,3,S 
7/6/2011,24,29,25.4,94,15.2,0.6,5,180,4,S 
8/6/2011,23,29.2,25.2,91,12,0.2,5,360,3,N 
9/6/2011,24,28.4,24.7,94,53.6,0.3,4,360,2,N 
10/6/2011,23,26.4,24.3,95,34.6,0,5,360,3,S 
11/6/2011,24,28.6,25.2,91,13.2,0,5,180,3,N 
12/6/2011,22,25.2,23.3,91,184,0,6,90,4,W 
6/13/2011,22,25.2,23.2,90,19.5,0,8,360,3,N 
6/14/2011,22,27.6,22.6,96,0,0,7,360,3,N 
6/15/2011,22,26,23.3,97,38,0,8,90,4,N 
6/16/2011,22,25.2,23.6,94,128.6,0,6,90,3,SE
6/17/2011,23,26.2,23.6,92,17.8,0,5,180,2,S 
6/18/2011,24,25.2,23.7,96,0,0,10,180,6,N 
6/19/2011,22,26,24.6,90,22.4,0,3,360,2,N 
6/20/2011,23,27.2,24,90,94,0,5,180,3,N 
6/21/2011,23,27.3,24.5,92,0,0.5,4,135,3,N 
6/22/2011,23,28.4,25.3,87,0,0,8,180,5,N 
6/23/2011,23,28,25.5,84,1.6,0,5,90,3,W 
6/24/2011,23,30,25.3,90,0,0,3,180,2,N 
6/25/2011,23,29,23.4,94,15,0.5,4,360,2,N 
6/26/2011,22,28,25,87,0,0,4,360,2,S 
6/27/2011,22,27,24.1,94,2.9,0.1,10,180,5,S 
6/28/2011,23,28.2,25.1,82,43.2,0.2,5,180,3,N 
6/29/2011,23,28,24.8,88,0.5,0.1,5,180,3,S 
6/30/2011,23,29.8,24.5,90,0,0.6,5,90,3,S 
1/7/2011,22,28.6,25.5,84,38.6,2.5,7,180,4,S 
2/7/2011,21,27.2,24.1,92,2,1.3,6,180,4,N 
3/7/2011,22,28,23.4,90,1.8,0.6,8,360,3,N 
4/7/2011,23,26.2,23.6,91,16.1,3,9,180,5,SW
5/7/2011,23,30.4,24,91,1.5,4.8,5,360,2,N 
6/7/2011,23,27,25.9,91,3.5,4.2,3,180,2,NW
7/7/2011,23,28.2,24.8,92,6,2.7,4,45,2,N 
8/7/2011,24,28.8,25.7,84,0,5.6,4,135,2,S 
9/7/2011,22,27.2,24.6,91,1.1,2.6,5,135,3,W 
10/7/2011,22,28.2,24.5,88,0,3.7,3,180,2,SW
11/7/2011,22,28,28.1,88,0,2.1,4,360,2,SW
12/7/2011,23,28.6,24.7,88,0.8,2.8,4,180,2,W 
7/13/2011,23,30.2,24.9,88,10,0.2,4,360,2,S 
7/14/2011,24,28,24.8,92,22,1.5,5,180,3,SW
7/15/2011,23,27.6,25.2,88,0,2.9,4,180,2,S 
7/16/2011,23,28.4,24.7,89,15.6,2,5,360,3,W 
7/17/2011,23,27.4,25.1,89,1.1,5.4,4,360,3,N 
7/18/2011,23,27,24,91,46.6,1.8,8,180,3,S 
7/19/2011,22,27,23.4,99,42,2,4,360,2,N 
7/20/2011,22,27.8,24.2,90,46.3,5,4,135,2,S 
7/21/2011,23,26.6,23,100,55.7,4.6,6,360,3,SW
7/22/2011,23,26.2,24.1,91,4.1,3.4,34,360,5,SW
7/23/2011,22,26.8,24.3,92,0,6.2,5,360,4,SW
7/24/2011,21,28.4,24.5,90,0.8,6.9,5,180,3,S 
7/25/2011,21,30.8,24.7,84,0.5,1.3,5,360,4,N 
7/26/2011,20,28.2,23.9,85,0,4.5,4,135,2,NW
7/27/2011,21,28.8,24.3,81,0,4.3,5,180,3,S 
7/28/2011,22,28,25,82,0,3.4,5,180,4,N 
7/29/2011,23,28.6,24.2,91,11,2.5,5,180,3,S 
7/30/2011,23,28.4,24.8,90,1.8,0,4,180,2,N 
7/31/2011,23,27.8,24.9,89,0.4,0,5,90,2,S 
1/8/2011,23,27.2,24.6,86,0.4,0.2,5,180,3,N 
2/8/2011,22,29,24.8,86,0.6,0.5,8,360,3,N 
3/8/2011,23,28.2,24.7,82,1.5,0.6,8,180,5,SW
4/8/2011,22,28.6,25.3,87,0,0.6,5,360,4,N 
5/8/2011,21,28.6,24,88,0.3,0.5,9,180,3,NW
6/8/2011,21,28.6,23.9,85,7.3,0.7,5,45,3,N 
7/8/2011,22,28.2,24.4,92,6.5,0.2,4,135,2,S 
8/8/2011,22,28,24.6,92,1.8,0.3,5,135,2,W 
9/8/2011,22,27.2,23.7,90,22.8,0.1,6,180,3,SW
10/8/2011,23,30.4,24.3,94,1,0.3,5,360,2,SW
11/8/2011,22,30,24,88,4.5,0.2,4,180,2,W 
12/8/2011,22,28.2,24.7,86,18,0.3,5,360,2,S 
8/13/2011,22,28.8,24.5,88,0,0.6,4,180,3,SW
8/14/2011,24,29.6,24.8,89,0,0,8,180,3,S 
8/15/2011,23,30,24.9,92,0,0.2,8,360,5,W 
8/16/2011,23,28.6,24.6,86,0.5,0,8,360,5,N 
8/17/2011,23,26.2,25,93,0,0,8,180,4,S 
8/18/2011,21,27,23.5,90,19.9,0,4,360,2,N 
8/19/2011,23,28,24.2,83,18.9,0.2,8,135,4,S 
8/20/2011,23,27.4,23.7,85,0.3,0.2,8,360,6,SW
8/21/2011,22,27,24.6,94,1,0.2,8,360,6,SW
8/22/2011,22,29.6,23,84,5.8,0,8,360,4,SW
8/23/2011,22,28,24.4,90,6.1,0,8,180,4,S 
8/24/2011,21,30.2,23.6,87,1.2,0.1,7,360,3,N 
8/25/2011,22,27.2,24,89,8,0.1,5,135,4,NW
8/26/2011,21,27.8,24.3,92,0,0.1,4,180,3,S 
8/27/2011,22,27.6,23.4,92,0.5,0.5,3,180,1,N 
8/28/2011,23,27.6,24.3,94,6.1,0.2,4,180,2,S 
8/29/2011,22,27.6,24.2,94,4.1,0.1,3,180,2,N 
8/30/2011,22,26.6,23.7,90,168.3,0,4,180,2,N 
8/31/2011,23,28,25,90,4,0.2,4,180,2,N 
1/9/2011,23,29,25.1,91,26.3,0.2,5,180,4,S 
2/9/2011,23,28.8,24.9,90,5.5,0.3,5,180,2,N 
3/9/2011,22,26.4,24.3,93,1.3,0,4,90,2,S 
4/9/2011,22,28,24.6,90,0,0.5,8,180,4,S 
5/9/2011,24,28.4,25,90,5.3,0.2,8,180,3,S 
6/9/2011,22,27.2,24,95,46.9,0.1,7,180,3,S 
7/9/2011,22,27.6,24.1,91,2.8,0.2,4,180,2,S 
8/9/2011,23,28.4,24.1,93,1,0,5,360,2,N 
9/9/2011,22,28.4,24.9,90,2.4,0.3,4,360,2,N 
10/9/2011,22,28.2,23.8,93,4.1,0.2,4,180,3,N 
11/9/2011,23,27.8,24.1,90,0,0.1,6,180,4,S 
12/9/2011,23,26.8,24.2,91,3,0.2,6,180,3,S 
9/13/2011,22,27.6,25.8,82,0,0.1,8,135,4,S 
9/14/2011,23,26.4,24.2,92,3.6,0,8,180,4,S 
9/15/2011,22,27.4,24.7,88,0.3,0,5,360,3,N 
9/16/2011,22,28.4,24.4,88,2,0.2,5,360,2,N 
9/17/2011,23,27.8,24.9,88,1.6,0.2,5,180,2,S 
9/18/2011,23,28.8,24.8,88,2,0.3,5,180,3,S 
9/19/2011,23,29.2,25.1,91,0.6,0.3,5,180,3,S 
9/20/2011,23,29,24.9,90,1.2,0.1,4,180,2,S 
9/21/2011,23,28.6,24.7,93,1.9,0.2,6,180,3,SW
9/22/2011,23,31.6,25,90,3,0.2,8,180,3,S 
9/23/2011,23,29,24.6,89,25.2,0.2,5,180,4,S 
9/24/2011,23,27,24.3,94,204,0,5,180,1,N 
9/25/2011,23,27.4,24.5,94,0.8,0.2,4,180,2,S 
9/26/2011,22,28.2,25.5,90,0,0.3,9,180,5,S 
9/27/2011,24,31,27.7,89,2,0.2,7,180,3,N 
9/28/2011,23,30,26,90,36,0.2,5,180,3,SW
9/29/2011,23,29.4,25.2,91,0,0.4,4,180,3,S 
9/30/2011,23,30,25.4,86,0,0.2,5,180,2,W 
1/10/2011,24,30.8,25.7,88,0,0.2,5,180,2,N 
2/10/2011,22,29,24.8,94,0,0.3,5,180,2,S 
3/10/2011,22,27,25.2,93,69.7,0,4,360,1,N 
4/10/2011,22,29.4,25.1,88,1.4,0.5,5,360,2,S 
5/10/2011,23,30.6,24.8,94,4.5,0.3,5,360,2,N 
6/10/2011,23,31.2,26.7,84,3,0.6,5,180,3,SW
7/10/2011,24,30,26.3,88,0,0.5,5,180,3,S 
8/10/2011,24,29.2,26,86,2.8,0.5,6,180,3,N 
9/10/2011,23,29,24.7,92,0,0.3,5,360,3,SW
10/10/2011,22,29.2,25.2,90,28,0.4,4,180,2,W 
11/10/2011,23,30.6,25.8,85,0.5,0.6,5,360,2,NW
12/10/2011,23,28,25,91,0,0,4,180,2,S 
10/13/2011,23,29.4,24.8,90,0,0.4,5,360,3,N 
10/14/2011,22,29,24.6,96,5,0.2,4,360,2,S 
10/15/2011,23,30,25.6,86,22.3,0.8,4,180,2,S 
10/16/2011,23,29.2,25.6,87,0.2,0.3,4,180,2,N 
10/17/2011,22,30.6,25.4,87,2.8,0.4,5,360,3,N 
10/18/2011,23,30.2,25.6,85,27,0.6,4,360,2,N 
10/19/2011,23,30.2,26,88,0,0.6,6,360,3,S 
10/20/2011,23,30.8,26.5,84,8.2,0.6,5,360,2,W 
10/21/2011,23,32,25.9,88,0,0.7,5,180,4,N 
10/22/2011,23,30.2,25.2,88,14.7,0.8,9,360,3,S 
10/23/2011,23,30.2,26.1,87,6.4,0.6,6,360,2,N 
10/24/2011,24,31.6,26,89,0.8,0.2,5,360,3,N 
10/25/2011,23,30,26.5,87,1.3,0.5,4,180,2,N 
10/26/2011,23,31,25.9,87,0,0.8,9,180,3,N 
10/27/2011,22,29.8,25.9,90,2,0.4,5,180,3,S 
10/28/2011,23,30.8,25.8,88,2.8,0.6,6,180,3,N 
10/29/2011,23,31,24.8,91,2.2,0,6,360,3,N 
10/30/2011,21,30,26.3,85,4.6,0.6,8,180,2,S 
10/31/2011,23,30.8,26.5,82,0,0.9,8,180,3,S 
1/11/2011,23,30,25.9,80,0.2,7.3,5,180,2,N 
2/11/2011,23,30.8,26.3,82,0,5.3,6,180,3,N 
3/11/2011,24,30.8,25.8,87,6.1,6.8,8,180,2,N 
4/11/2011,24,30.4,26.3,86,9.6,3.6,8,180,3,W 
5/11/2011,24,30.6,25.9,92,47.5,3,4,180,2,N 
6/11/2011,23,29.8,25.9,89,0,7,4,360,2,N 
7/11/2011,23,30.4,26,82,6.6,2.3,6,180,3,N 
8/11/2011,23,30.8,26.1,86,24,5.8,4,180,2,SW
9/11/2011,23,30.2,26.1,86,0,6.7,5,225,2,N 
10/11/2011,23,31,26,83,0.6,8,4,180,3,N 
11/11/2011,22,31,26.6,82,0,2.3,4,180,2,S 
12/11/2011,22,31.2,25.7,80,0,4,4,180,2,W 
11/13/2011,22,30.8,26.3,82,0,1.5,6,360,4,S 
11/14/2011,22,31.8,26.4,80,0,0.9,5,180,3,N 
11/15/2011,23,30.6,27.5,78,0,2.5,4,180,2,SW
11/16/2011,22,30.6,25.2,92,49.6,1.4,7,180,3,S 
11/17/2011,23,29.8,26,88,0,5.2,4,180,2,N 
11/18/2011,23,30.4,27.3,79,0,8,6,360,3,N 
11/19/2011,23,31.4,27.6,81,0,7.5,5,360,3,N 
11/20/2011,24,30.8,25.5,86,0,5,4,180,2,N 
11/21/2011,23,32,27.5,78,0,4,5,45,3,N 
11/22/2011,24,32,27.5,81,0,1.5,5,360,3,N 
11/23/2011,24,32.2,27.3,82,0,7.2,5,180,3,S 
11/24/2011,22,30.6,24.8,96,29.2,4.2,11,180,3,S 
11/25/2011,23,31.6,25.9,84,0,5,4,180,2,N 
11/26/2011,24,31,26.9,84,0,6,4,360,2,N 
11/27/2011,24,31.2,27.6,86,0,2.7,31,360,5,W 
11/28/2011,23,32.2,27.4,84,24.4,8,5,180,2,S 
11/29/2011,22,32,26,91,41.5,1,4,180,2,N 
11/30/2011,23,31,26.6,87,1.9,5.2,4,360,3,N 
1/12/2011,23,31.8,26.6,83,0,0.2,6,360,3,W 
2/12/2011,24,31.2,25.6,91,2.5,0.6,4,360,2,N 
3/12/2011,24,32,26.3,88,58.7,0.4,5,360,2,SW
4/12/2011,24,29.4,24.8,93,28.7,0.2,4,360,2,N 
5/12/2011,23,30.8,25.1,88,28.5,0.1,6,360,3,N 
6/12/2011,23,29.4,25.4,88,27.7,0,6,360,2,N 
7/12/2011,23,30.4,25.3,88,28.8,0.1,6,360,3,N 
8/12/2011,24,29.4,25,90,0,0.2,4,360,3,N 
9/12/2011,23,31,26.8,86,2.7,0.8,4,180,3,S 
10/12/2011,23,29.6,24.5,92,0.8,0.2,8,360,2,N 
11/12/2011,23,30.6,26.2,82,0,0.7,5,180,3,S 
12/12/2011,23,31.4,27.1,77,0,0.9,6,180,3,N 
12/13/2011,24,32.6,27.2,83,0,0.6,6,360,3,S 
12/14/2011,24,31.4,26.6,82,1.5,0.2,6,180,2,N 
12/15/2011,23,31,26.7,85,0,0.2,6,360,3,W 
12/16/2011,23,31.6,25.7,88,0,0.5,6,360,2,S 
12/17/2011,24,31,27.1,83,2.8,0.6,6,180,2,N 
12/18/2011,24,30.8,25.9,91,12.9,0.2,5,360,2,S 
12/19/2011,24,31,26.4,86,1.5,0.7,6,180,3,N 
12/20/2011,24,32.6,27.6,80,0,0.1,6,180,3,N 
12/21/2011,23,32.2,27.4,82,3.4,0.2,8,360,4,N 
12/22/2011,24,31.4,25.9,90,9.2,0.1,9,360,4,N 
12/23/2011,24,32.4,27.9,74,0,0.6,14,360,4,N 
12/24/2011,24,32.2,27.1,83,2.9,0.3,7,360,4,N 
12/25/2011,24,31.6,28.6,75,0,0.3,13,360,3,N 
12/26/2011,24,34,28.1,78,3,0.7,6,360,3,N 
12/27/2011,24,30.8,26.7,90,30,0.1,4,360,2,N 
12/28/2011,20,28.6,25.2,94,24.5,0,8,360,2,N 
12/29/2011,24,27.4,25.4,91,1.2,0,4,360,1,NW
12/30/2011,24,32.2,26.7,84,21.2,0,8,360,3,N 
12/31/2011,23,31,24.6,94,40.4,0,9,0,3,N 
1/1/2012,24,30.6,24.8,95,23.8,0.8,7,360,3,N 
2/1/2012,24,30.6,25.4,92,26.7,0.4,6,20,3,S 
3/1/2012,24,30.8,25.7,90,11,0.4,4,180,2,N 
4/1/2012,23,31,25.3,89,57.6,0.4,5,180,3,N 
5/1/2012,24,29.6,25.5,89,0.2,0.1,6,360,3,N 
6/1/2012,24,30.8,26,91,0.3,0.3,4,20,2,SW
7/1/2012,23,31.2,26.6,84,9,0.4,5,180,3,S 
8/1/2012,23,31,26.3,84,0.8,0.6,5,180,2,N 
9/1/2012,23,30.8,26,86,0,0.7,4,180,3,N 
10/1/2012,24,31.2,26.7,84,0,0.4,4,180,3,S 
11/1/2012,24,32,27.4,82,0,0.6,5,180,3,SW
12/1/2012,23,31.6,26.8,81,1.4,0.6,5,180,3,N 
1/13/2012,23,28,24.6,91,0,0,5,20,2,N 
1/14/2012,22,31,26.3,84,42.5,0.7,15,180,5,N 
1/15/2012,23,31,25.9,88,49.5,0.3,6,10,3,N 
1/16/2012,23,30.6,24.6,92,3.6,0.2,4,360,2,N 
1/17/2012,23,30.8,26.1,85,0,0.1,3,10,2,N 
1/18/2012,23,31,26.4,86,0,0.6,5,190,3,S 
1/19/2012,23,30.4,25.9,90,17,0.3,5,20,2,N 
1/20/2012,23,31,25,87,2,0.1,4,20,3,N 
1/21/2012,23,31.8,26,82,2.1,0.5,5,20,3,N 
1/22/2012,24,31.2,26.6,85,3.4,0.6,6,190,3,N 
1/23/2012,24,30.4,26.6,81,0,0.4,8,180,3,N 
1/24/2012,25,32.6,27.8,74,0,0.7,8,360,3,N 
1/25/2012,23,32.2,27.4,78,0,0.4,7,180,3,N 
1/26/2012,23,31.2,25.7,83,0,0.7,8,20,3,N 
1/27/2012,23,32,26.1,82,0,0.8,8,180,4,N 
1/28/2012,23,33.2,27.7,79,3,0.4,4,180,3,N 
1/29/2012,24,28.4,26.7,76,0,0.6,11,360,4,N 
1/30/2012,23,31,28.4,71,0,0.5,8,10,3,S 
1/31/2012,24,30.6,26.2,84,0,2.7,5,0,3,N 
1/2/2012,23,32.8,27.1,73,13.8,0.6,8,360,3,N 
2/2/2012,23,31.6,26.2,85,2.3,0,4,360,3,N 
3/2/2012,23,31,26.2,79,0,0.3,7,360,2,N 
4/2/2012,23,31.6,26.5,86,40.8,0.4,10,360,4,N 
5/2/2012,24,30.2,25.5,85,0.5,0.4,5,180,3,W 
6/2/2012,22,32,26.3,82,0,0.4,4,360,3,N 
7/2/2012,24,32,26.9,80,1.6,0.6,8,10,4,N 
8/2/2012,23,31.2,26.9,82,0,0.2,5,10,3,SW
9/2/2012,24,31.2,26.8,76,0.9,0.8,4,180,2,SW
10/2/2012,24,31.8,26.9,82,2.8,0.2,5,360,3,N 
11/2/2012,24,29.4,25.4,90,3.3,0.2,4,10,2,S 
12/2/2012,22,29.4,24.9,94,0.6,0.2,4,10,2,S 
2/13/2012,24,30,25.5,86,18.6,0.4,4,360,2,N 
2/14/2012,22,31.6,25.4,85,0.2,0.4,4,360,3,N 
2/15/2012,24,31,25.3,83,0,0.6,4,10,3,N 
2/16/2012,23,30.6,25.9,86,19.2,0.6,8,360,3,N 
2/17/2012,22,30.2,26.2,86,0,0.3,5,10,3,N 
2/18/2012,23,32.2,26.2,86,1.2,0.6,5,20,3,N 
2/19/2012,24,30.4,25.1,89,38.6,0.6,5,10,3,N 
2/20/2012,22,29.4,25.1,90,6.4,0.1,8,10,3,S 
2/21/2012,23,30,25.6,84,0,0.6,4,10,2,W 
2/22/2012,23,31.4,24.7,92,16.4,0.4,4,360,3,N 
2/23/2012,24,30.2,25.6,86,0,0.6,4,240,3,N 
2/24/2012,22,31.2,25.9,92,16.5,0.4,8,10,3,N 
2/25/2012,23,30.4,25.9,84,0,0.2,4,180,2,S 
2/26/2012,23,31.6,26.8,84,0,1,5,180,3,N 
2/27/2012,23,30.2,26.2,85,39.6,0.3,11,20,3,N 
2/28/2012,23,30,26.3,90,0,0.1,8,20,4,N 
2/29/2012,24,31,25.6,85,5.2,0,8,360,3,N 
1/3/2012,23,32,26.5,86,0.2,0.5,4,180,2,N 
2/3/2012,23,30.2,24.6,94,62.4,0.3,4,20,3,N 
3/3/2012,24,30.4,26.6,86,10.9,0.6,5,180,2,S 
4/3/2012,23,29.6,25.1,90,7.1,0.2,4,360,3,N 
5/3/2012,23,30,25.3,90,26.3,0.2,4,360,3,N 
6/3/2012,23,30,25.2,92,5.9,0.2,6,20,3,N 
7/3/2012,23,29.6,25.8,90,4.9,0.2,5,230,2,N 
8/3/2012,24,30.4,25.6,88,3.8,0,4,130,2,S 
9/3/2012,23,30.2,25.1,91,13.9,0,6,20,3,N 
10/3/2012,23,29.2,25.6,91,34.6,0.3,5,20,2,N 
11/3/2012,23,30.8,26,88,3.1,0.1,5,360,2,N 
12/3/2012,23,28.2,25.2,90,31.9,0,7,360,3,N 
3/13/2012,23,32.2,25.8,89,2.7,0.1,5,360,2,N 
3/14/2012,23,30,25,92,13.4,0.2,4,10,3,NW
3/15/2012,24,31.2,25.7,91,111.4,0.2,5,10,3,W 
3/16/2012,23,31,25.7,87,0.5,0.2,8,360,4,N 
3/17/2012,24,29.4,25.7,88,0.5,0.2,4,20,3,S 
3/18/2012,21,29.4,23.9,89,10.3,0.1,9,20,4,N 
3/19/2012,23,30,25.1,84,0.4,0.2,5,20,2,SW
3/20/2012,23,31,26,86,0,0.3,5,180,2,W 
3/21/2012,23,31.4,26.3,86,0,0.5,4,180,3,S 
3/22/2012,24,31.2,26.4,83,3,0.6,5,20,4,S 
3/23/2012,24,30.2,26.5,89,66,0.1,4,10,2,N 
3/24/2012,24,29.2,25.2,91,39.2,0,8,20,2,N 
3/25/2012,23,29.8,26.4,83,8.8,0.5,5,360,3,N 
3/26/2012,24,29.6,25.7,87,0.3,0.4,5,10,3,SW
3/27/2012,24,30.6,24.6,88,25.9,0.5,4,230,2,SW
3/28/2012,24,31.6,26.6,80,0.3,0.3,7,10,3,N 
3/29/2012,23,29.6,25.4,92,2,0.2,5,10,3,N 
3/30/2012,23,30.2,26.5,85,0,0.4,8,10,3,S 
3/31/2012,24,30.8,25.7,87,2.2,0.6,5,180,2,W 
1/4/2012,23,30.6,26.6,84,0.3,0.6,4,10,3,N 
2/4/2012,23,30.4,25.6,86,1,0.4,4,320,3,N 
3/4/2012,22,30.4,25.9,84,0,0.8,5,350,2,S 
4/4/2012,23,30.8,26.6,84,5.9,0.9,5,180,3,S 
5/4/2012,23,30.8,26,86,1.5,0.6,5,160,3,N 
6/4/2012,24,31.2,27.2,80,2.6,0.7,4,20,3,N 
7/4/2012,23,29.2,26.1,86,0,0.2,4,180,3,N 
8/4/2012,23,29.6,25.8,84,0,0.6,5,180,3,S 
9/4/2012,24,31.6,26.3,82,2,0.6,5,200,2,SW
10/4/2012,23,31.6,26.4,84,0,0.6,5,10,3,N 
11/4/2012,23,30.6,26.3,81,0,0.7,5,170,3,N 
12/4/2012,24,31.2,26.4,88,1.3,0.5,6,10,3,S 
4/13/2012,24,31.2,26,88,1.8,0.3,4,20,3,N 
4/14/2012,23,36.2,25.8,88,0,0.6,5,20,3,N 
4/15/2012,23,31,26.5,84,0,0.4,4,20,3,S 
4/16/2012,24,30.6,26.2,88,0,0.4,4,180,2,N 
4/17/2012,24,30.2,25.7,89,4.4,0.3,3,20,2,N 
4/18/2012,24,30.4,26.7,83,0,0.6,6,20,3,S 
4/19/2012,24,31,26.9,86,0,0.4,4,190,2,S 
4/20/2012,23,30.4,26.6,85,0.4,0.2,4,360,2,N 
4/21/2012,23,29.8,26.2,88,9.8,0.2,4,20,3,N 
4/22/2012,24,28.2,25.7,87,0.3,0.1,4,170,2,N 
4/23/2012,23,30.4,25.8,88,2.4,0.6,8,20,3,N 
4/24/2012,24,30.2,26,87,9.8,0.6,4,20,2,N 
4/25/2012,23,29,25.5,88,2.4,0.2,4,20,2,SW
4/26/2012,23,30.4,26.8,84,27.6,0.8,6,350,3,N 
4/27/2012,24,30,25.9,84,0,0.2,4,10,2,SW
4/28/2012,23,30.6,26.1,86,0,0,4,180,2,S 
4/29/2012,23,29,24.3,95,62.4,0.3,4,180,2,SW
4/30/2012,23,29.2,25.8,86,0,0.4,4,20,2,S 
1/5/2012,23,30.2,25.4,92,58.6,0.5,5,10,3,SW
2/5/2012,23,30.2,25.5,88,0.2,0.5,4,180,2,N 
3/5/2012,23,29.2,25.1,90,0,0.2,4,10,2,N 
4/5/2012,24,30,24.7,92,66,0.5,6,10,3,N 
5/5/2012,23,30.4,25.8,87,18.9,0.3,4,360,2,N 
6/5/2012,24,29.4,25.6,88,2.4,0.5,4,170,2,N 
7/5/2012,23,30.4,26,89,8,0.5,5,160,3,SW
8/5/2012,24,29.2,25.8,88,0.5,0.2,5,20,2,S 
9/5/2012,23,28.2,25.9,88,4.2,0.2,7,360,3,N 
10/5/2012,24,30.6,25.7,88,0.6,0.3,6,20,2,N 
11/5/2012,23,29.8,25.8,90,0,0.5,5,20,3,S 
12/5/2012,23,30.4,25.8,84,0,0.6,5,180,2,N 
5/13/2012,23,30.6,25.3,91,8.8,0.4,5,180,3,N 
5/14/2012,23,30.4,25.4,89,32,0.4,4,340,3,S 
5/15/2012,23,29.8,26,89,1.4,0.3,4,180,3,S 
5/16/2012,23,29,25.6,89,54.4,0.1,4,20,1,S 
5/17/2012,22,29.8,25.5,84,22.2,0.5,4,10,2,S 
5/18/2012,23,30,26.1,84,16.6,0.2,4,360,3,N 
5/19/2012,22,29.8,24.2,89,13,0.2,5,20,3,NW
5/20/2012,24,29.2,24.4,92,3.2,0.4,8,20,3,S 
5/21/2012,24,29.8,25.5,90,28,0.6,7,180,4,S 
5/22/2012,23,28,24.7,92,66.1,0,8,180,3,N 
5/23/2012,23,29.2,25.8,86,0.2,0.4,5,170,3,S 
5/24/2012,25,29.8,26,91,18.8,0.1,4,20,2,S 
5/25/2012,24,29,25.6,95,26.5,0.1,3,10,1,N 
5/26/2012,24,29.4,25.3,90,23.9,0.2,8,180,3,N 
5/27/2012,23,30.4,25,93,71.4,0.2,4,180,2,N 
5/28/2012,23,28.4,25.3,91,0,0.3,4,180,2,N 
5/29/2012,24,29.8,25.2,91,71.1,0.5,8,180,4,SW
5/30/2012,24,29.6,25.4,89,0,0.5,4,180,3,SW
5/31/2012,24,29.6,25,92,73,0.3,4,180,2,N 
1/6/2012,24,30,27.2,84,0,0.4,3,180,2,N 
2/6/2012,25,29.8,25.8,93,33.6,0.4,8,20,3,N 
3/6/2012,24,29.4,25.8,92,6.8,0,5,180,2,N 
4/6/2012,24,28,25.4,88,7.9,0,10,90,4,N 
5/6/2012,24,28,25.2,92,2.6,0,5,100,3,N 
6/6/2012,24,28.6,25.2,92,6,0.2,9,160,4,N 
7/6/2012,24,28.6,25.3,88,0.5,0.2,4,360,2,N 
8/6/2012,23,28.4,24.9,94,86.5,0.1,5,180,3,N 
9/6/2012,22,28,24.4,94,2.2,0.2,5,20,2,N 
10/6/2012,23,29,25.2,91,0.2,0.2,4,180,2,N 
11/6/2012,23,29.2,25.8,85,111.4,0.2,8,180,4,N 
12/6/2012,20,25.6,23.9,96,134,0,8,150,5,N 
6/13/2012,19,26.4,23,90,3.8,0,4,20,1,N 
6/14/2012,22,28,24.3,88,0,0.6,4,170,2,N 
6/15/2012,21,28.6,24.6,86,0,0.2,5,170,3,N 
6/16/2012,22,29.8,25.3,86,17,0.5,4,180,2,N 
6/17/2012,23,28.4,25,90,0.8,0.2,8,20,4,N 
6/18/2012,22,29,25.5,87,0,0.5,5,180,3,N 
6/19/2012,23,29,25.1,86,12.6,0.6,4,180,3,N 
6/20/2012,23,28.6,25.2,90,1.6,0.2,5,180,4,N 
6/21/2012,22,25.6,23.5,94,68.8,0,7,10,3,N 
6/22/2012,20,24.6,22.4,96,18.4,0,6,20,3,N 
6/23/2012,22,26.6,22.4,86,57,0,5,20,3,N 
6/24/2012,22,26.2,23,95,106,0,4,180,3,N 
6/25/2012,23,26,24,93,16.2,0,8,170,4,N 
6/26/2012,22,28.4,24.4,96,204.7,0,9,20,4,N 
6/27/2012,22,27.8,23.9,96,224.6,0.1,10,20,4,N 
6/28/2012,22,28,24.7,92,3,0.2,4,180,3,N 
6/29/2012,21,27.8,24.8,91,9.2,0,4,20,2,N 
6/30/2012,22,28.8,25.1,91,28.2,0.6,4,180,3,N 
1/7/2012,22,29,25.3,87,5,0.4,5,180,4,SW
2/7/2012,23,28.4,24.4,90,3,0,8,180,3,S 
3/7/2012,23,27.8,24.4,89,0,0.1,4,170,2,S 
4/7/2012,23,28.2,25.3,89,1.5,0.2,6,180,3,S 
5/7/2012,23,28.6,25.1,91,14.2,0.1,4,30,3,S 
6/7/2012,24,28,25.5,87,0,0.2,5,170,4,SW
7/7/2012,23,28,25.1,91,17,0.2,4,180,2,N 
8/7/2012,22,28.2,24.6,93,15.9,0.2,4,10,2,SW
9/7/2012,22,28.8,24.5,93,29,0.3,4,180,2,W 
10/7/2012,23,27,24.3,96,18.8,0,4,170,2,SW
11/7/2012,23,28,25.3,92,2.2,0.1,4,180,2,S 
12/7/2012,22,28.2,24.5,96,6,0,3,20,2,N 
7/13/2012,22,28,24.8,91,5.6,0.1,3,180,2,N 
7/14/2012,23,28.4,25,92,4.6,0.4,4,180,2,N 
7/15/2012,24,27.6,25.2,93,0.7,0.2,4,180,3,S 
7/16/2012,22,27.6,24.8,95,21.9,0,3,10,2,N 
7/17/2012,23,28.8,25.8,86,3.8,0.5,4,180,2,SW
7/18/2012,23,28.4,24.8,93,66,0.2,8,180,4,N 
7/19/2012,23,28.4,25,93,16,0.4,8,170,3,S 
7/20/2012,23,27.2,24.9,94,3,0.2,8,180,4,S 
7/21/2012,22,27.4,24.6,93,1.2,0.1,8,160,3,N 
7/22/2012,22,27.4,23.8,94,6,0.2,7,180,3,N 
7/23/2012,23,29,24.5,92,18.2,0.3,5,180,3,S 
7/24/2012,22,28.8,25.1,87,0,0.6,7,180,4,W 
7/25/2012,23,26.6,24.4,88,4.6,0,8,180,6,S 
7/26/2012,23,27.4,24.7,90,36.2,0.1,5,170,3,N 
7/27/2012,21,25.6,23.4,90,10,0,8,20,3,N 
7/28/2012,22,27.8,24.9,80,0,0.3,7,170,5,S 
7/29/2012,22,27.2,25.1,84,13.6,0.2,8,180,5,S 
7/30/2012,22,28.8,25,86,0,0.3,5,170,3,S 
7/31/2012,22,27.8,24.6,87,3.6,0.2,8,170,3,N 
1/8/2012,22,28.2,25.6,85,3.6,0.5,8,170,3,N 
2/8/2012,22,28.2,24.8,88,1.4,0,8,170,3,N 
3/8/2012,22,28.4,25.1,90,1.4,0.4,8,170,3,N 
4/8/2012,23,27.6,24.4,93,1.4,0.1,8,170,3,N 
5/8/2012,23,27.2,24.3,85,0.3,0.2,8,170,3,N 
6/8/2012,22,27.2,23.5,96,4.6,0,8,170,3,N 
7/8/2012,23,26.4,24.5,90,17.2,0,8,170,3,N 
8/8/2012,21,25.8,24.3,91,17.2,0,8,170,3,N 
9/8/2012,22,27.6,23.5,95,0.4,0.2,8,170,3,N 
10/8/2012,23,27.2,24,89,6.8,0.2,8,170,3,N 
11/8/2012,22,27,24,91,6.8,0.1,8,170,3,N 
12/8/2012,22,25.2,23.7,91,2.5,0,8,170,3,N 
8/13/2012,20,25.8,22.6,98,15,0,8,170,3,N 
8/14/2012,21,26.8,22.7,92,9,0,8,170,3,N 
8/15/2012,21,26.4,23.3,93,4.4,0.1,8,170,3,N 
8/16/2012,21,28,23.7,95,0.3,0.4,8,170,3,N 
8/17/2012,22,27.6,26.1,92,24.8,0.2,8,170,3,N 
8/18/2012,21,27.6,23.9,93,9,0,8,170,3,N 
8/19/2012,22,27.6,24.5,87,9,0.2,8,170,3,N 
8/20/2012,22,27.4,24.3,92,48,0.1,8,170,3,N 
8/21/2012,22,27.4,23.9,95,48,0.2,8,170,3,N 
8/22/2012,23,27.6,24.5,89,9,0.2,8,170,3,N 
8/23/2012,23,27.6,24.5,96,14,0,8,170,3,N 
8/24/2012,23,27,24.5,94,3.2,0,8,170,3,N 
8/25/2012,22,27.2,24.5,94,5.2,0.1,8,170,3,N 
8/26/2012,23,27.6,24.6,93,8,0.1,8,170,3,N 
8/27/2012,23,28,24.9,94,1,0.4,8,170,3,N 
8/28/2012,22,24.8,23.9,96,80.1,0,8,170,3,N 
8/29/2012,22,27.6,24.6,94,8.4,0.3,8,170,3,N 
8/30/2012,23,28.2,26.1,94,108.2,0,8,170,3,N 
8/31/2012,23,28.8,24.7,91,28.8,0.2,8,170,3,N 
1/9/2012,23,27.2,24.7,94,3.2,0.1,8,170,3,N 
2/9/2012,23,25.2,23.6,99,6.4,0,8,170,3,N 
3/9/2012,22,25.4,23.5,97,95.1,0,8,170,3,N 
4/9/2012,22,28.2,24.4,92,19.4,0,8,170,3,N 
5/9/2012,23,28,24.9,90,0,0.4,8,170,3,N 
6/9/2012,23,27.2,24.9,93,0,0,8,170,3,N 
7/9/2012,23,28.6,25.3,92,50.4,0.6,8,170,3,N 
8/9/2012,22,27.4,24.8,92,2.2,0.2,8,170,3,N 
9/9/2012,23,25.8,24.1,86,0.6,0,8,170,3,N 
10/9/2012,22,27.8,24.5,94,30.1,0.2,8,170,3,N 
11/9/2012,23,26.6,24.1,95,17.5,0,8,170,3,N 
12/9/2012,23,29,25.1,92,3,0.6,8,170,3,N 
9/13/2012,22,26,24.5,96,16,0,8,170,3,N 
9/14/2012,23,28.4,25,94,6.8,0.4,8,170,3,N 
9/15/2012,23,29.1,25.4,89,0.6,0.3,8,170,3,N 
9/16/2012,23,29.2,25.3,89,0.2,0.6,8,170,3,N 
9/17/2012,22,29.4,26.3,88,0.2,0.6,8,170,3,N 
9/18/2012,23,29.6,25.9,87,0,0.6,8,170,3,N 
9/19/2012,22,28.6,25.6,89,0,0.5,8,170,3,N 
9/20/2012,21,29.2,24.5,89,0,0.6,8,170,3,N 
9/21/2012,22,29,24.3,90,0,0.4,8,170,3,N 
9/22/2012,23,29.3,25.5,89,36,0.3,8,170,3,N 
9/23/2012,23,27.4,25.4,92,10,0,8,170,3,N 
9/24/2012,22,26.8,24.5,95,29,0,8,170,3,N 
9/25/2012,23,27.6,24.8,92,27,0,8,170,3,N 
9/26/2012,22,29.4,25.4,92,0,0.6,8,170,3,N 
9/27/2012,24,29.4,25.4,88,1.4,0.6,8,170,3,N 
9/28/2012,22,29.4,25.8,90,0,0.4,8,170,3,N 
9/29/2012,24,29.6,26.3,85,0,0.4,8,170,3,N 
9/30/2012,22,29,26,90,0.6,0.6,8,170,3,N 
1/10/2012,21,28.8,26,84,0,8,8,180,5,S 
2/10/2012,21,29.2,24.9,86,0,7.8,5,180,4,S 
3/10/2012,22,28.6,24.9,85,0,6,4,180,3,S 
4/10/2012,22,30.4,25.6,86,0,2.5,6,180,4,SW
5/10/2012,23,30.4,25.8,88,0,7.4,4,180,3,S 
6/10/2012,24,30.4,26.5,85,0,3.7,5,180,3,SW
7/10/2012,23,29,25.9,88,0,5.7,5,180,3,S 
8/10/2012,21,28.8,25.8,84,0,4.6,6,180,3,N 
9/10/2012,21,29.2,24.9,82,0,8,5,180,4,S 
10/10/2012,23,29,25.4,85,0,6.8,4,180,3,N 
11/10/2012,24,30.4,26.3,90,0,6,5,180,3,S 
12/10/2012,22,29.6,26.2,88,0.2,3,6,180,3,S 
10/13/2012,22,30.2,25.1,87,0.2,6.7,6,180,3,S 
10/14/2012,23,30.2,25.3,89,2.6,0,4,190,3,S 
10/15/2012,24,29.8,25.8,88,27,5.5,5,180,3,S 
10/16/2012,23,29.2,25,91,27,0.9,4,160,2,N 
10/17/2012,24,30.8,26,84,18.2,7.7,5,160,3,W 
10/18/2012,23,29.6,26.5,89,18.2,6,4,180,2,N 
10/19/2012,24,30,26.5,88,10.9,7.8,5,180,3,SW
10/20/2012,23,30.4,27.5,81,1.2,7.7,5,180,4,S 
10/21/2012,23,30.6,25.9,85,0,7.1,8,180,4,S 
10/22/2012,23,30.2,25.2,91,20.2,5,4,180,3,S 
10/23/2012,22,29.6,27.1,86,5.9,8,5,170,3,S 
10/24/2012,23,30.4,26.4,85,0,6.9,5,180,3,S 
10/25/2012,24,30.2,26.8,88,0,2.2,4,180,2,N 
10/26/2012,24,30.4,27.1,85,3.6,6.5,4,180,3,N 
10/27/2012,24,30.6,27.1,86,3.6,5.2,4,180,3,N 
10/28/2012,22,30.6,26,93,1.8,4.2,5,20,3,S 
10/29/2012,23,30.2,26.3,88,1.2,6.5,5,180,3,S 
10/30/2012,23,31.4,26.9,90,1.2,6.3,5,180,3,N 
10/31/2012,23,30.2,26.4,92,76.4,2.9,5,350,3,N 
1/11/2012,24,29.4,25.5,88,16.1,7.3,5,180,2,N 
2/11/2012,23,29.8,26.6,88,0,5.3,4,180,3,N 
3/11/2012,23,29.8,25.5,90,1.5,6.8,4,180,2,N 
4/11/2012,23,30.6,26.8,84,0,3.6,4,180,3,W 
5/11/2012,23,30.8,26.6,84,1,3,9,180,4,N 
6/11/2012,24,30.2,26.6,90,4.9,7,4,360,2,N 
7/11/2012,23,30.2,26.7,87,1,2.3,5,180,3,N 
8/11/2012,22,38.2,25.5,92,66.1,5.8,3,180,0,SW
9/11/2012,23,30.2,26.3,84,0,6.7,5,230,3,N 
10/11/2012,22,31.2,26.8,84,0,8.3,44,180,4,N 
11/11/2012,22,31,27.3,84,0,2.3,4,180,2,S 
12/11/2012,23,31,26.5,86,52.3,4,5,180,3,W 
11/13/2012,23,27.4,25.1,94,0.5,1.5,5,10,1,S 
11/14/2012,23,31,27.1,84,0,0.9,5,180,2,N 
11/15/2012,23,30.6,27.4,82,11.8,2.5,4,180,3,SW
11/16/2012,24,30.6,27.4,85,6.5,1.4,4,180,3,S 
11/17/2012,22,30,25.3,90,11.7,5.2,4,180,3,N 
11/18/2012,22,29.8,26,89,2,9,4,10,2,N 
11/19/2012,24,30.6,26.6,88,0.9,7.5,4,20,3,N 
11/20/2012,22,31,26.6,85,2.5,5,4,180,2,N 
11/21/2012,24,31.8,26.3,87,0,4,4,30,2,N 
11/22/2012,24,31.2,26.8,86,0,1.5,4,360,2,N 
11/23/2012,23,30.8,27.3,87,0,7.2,4,180,3,S 
11/24/2012,23,31.4,27.4,77,0,4.2,6,180,4,S 
11/25/2012,22,30.2,26.3,87,0,5,4,180,3,N 
11/26/2012,23,30.8,25.7,88,0,6,4,350,3,N 
11/27/2012,23,31,27.1,80,0,2.7,5,20,3,W 
11/28/2012,22,31.8,27.1,82,0,8,4,180,2,S 
11/29/2012,22,31.6,25.4,82,1.8,1,5,180,3,N 
11/30/2012,23,31,26.7,80,1.5,5.2,4,350,2,N 
1/12/2012,23,31.6,27,81,0,8,6,360,3,S 
2/12/2012,24,32.4,27.5,85,0,8,4,360,3,S 
3/12/2012,23,32.4,28.4,81,0,8,6,360,2,S 
4/12/2012,23,32,27,85,0,6.2,5,250,3,S 
5/12/2012,23,31.8,26.8,86,17,3.9,4,350,3,S 
6/12/2012,23,30,25.7,92,10,3.5,5,360,3,N 
7/12/2012,22,30.8,25.8,90,8,2.9,4,360,3,S 
8/12/2012,22,30.4,24.5,92,4,1.2,4,230,3,S 
9/12/2012,23,30.4,25.1,90,7,5.5,4,350,3,SW
10/12/2012,22,31,25.4,88,1,3.2,3,360,2,S 
11/12/2012,23,31,26.5,86,0,2,4,190,3,S 
12/12/2012,23,30.8,24.6,90,0,2.5,7,250,3,S 
12/13/2012,22,28.8,24.8,94,3,0.2,8,180,3,N 
12/14/2012,22,30.8,26.4,84,0,8,4,360,3,S 
12/15/2012,23,31.6,27,82,0,7.6,5,220,3,S 
12/16/2012,23,31.8,27,86,0,7,6,190,3,S 
12/17/2012,23,31.8,27.5,84,0,8,4,350,2,S 
12/18/2012,23,31.2,26.9,84,50,4.6,5,360,3,N 
12/19/2012,23,32,26.5,87,0,5.4,8,360,3,N 
12/20/2012,22,32,26.9,82,35,7.2,7,350,4,S 
12/21/2012,23,30.4,25.6,88,4,5.8,5,350,3,NE
12/22/2012,23,31.2,26.1,88,22,4.9,5,360,4,N 
12/23/2012,23,31.2,26.2,87,43,3.5,5,180,3,S 
12/24/2012,23,31.4,27.6,82,0,5.1,5,180,3,S 
12/25/2012,23,31.4,27.2,81,0,6.7,4,350,3,S 
12/26/2012,22,30.6,25.1,94,0,1.9,5,350,3,N 
12/27/2012,23,30.6,25.2,92,84,3.8,6,270,2,N 
12/28/2012,23,30.4,25.4,92,37,3.8,5,180,3,S 
12/29/2012,23,31.4,27.2,84,22,8,6,360,3,S 
12/30/2012,23,31,26.9,84,0,5.2,6,350,4,N 
12/31/2012,24,30.4,26.4,91,11,3,6,350,3,N 
1/1/2013,23,29.9,26.4,91,8.7,0.3,6,10,3,N 
2/1/2013,24,30.4,26.2,91,20.5,0,6,10,3,W 
3/1/2013,23,30.6,26.2,91,7,0.2,7,10,3,N 
4/1/2013,23,29.2,25.5,91,1,0,5,20,2,N 
5/1/2013,24,30.2,26.8,91,1.2,0.3,4,20,3,S 
6/1/2013,24,30.4,25.3,91,10.2,0,4,10,2,S 
7/1/2013,22,29.8,26,91,15.4,0.2,5,180,3,N 
8/1/2013,23,29.8,25.9,91,0,0,4,20,2,S 
9/1/2013,23,31.2,26.8,91,0,0.5,4,180,2,W 
10/1/2013,22,29.2,25.9,91,7.4,0,4,180,3,N 
11/1/2013,23,29.2,24.4,91,12.2,0.1,5,20,3,N 
12/1/2013,23,29.4,25.2,91,32.8,0.1,9,360,4,N 
1/13/2013,22,31.4,26.6,91,8.4,0.5,5,180,3,SW
1/14/2013,23,30.4,26.3,91,10.8,0.2,4,180,3,N 
1/15/2013,24,29.6,26.3,91,4.4,0,8,10,3,N 
1/16/2013,24,31,27.3,91,0,0.4,4,180,3,N 
1/17/2013,23,32.4,26,91,7,0.3,10,360,4,N 
1/18/2013,24,32,26.9,91,2.3,0.2,4,20,3,N 
1/19/2013,23,32.2,27.7,91,0,0.6,9,20,3,N 
1/20/2013,22,33.4,27.3,91,0,0.8,5,270,4,W 
1/21/2013,24,29,25.7,91,36.4,0.1,4,20,2,SW
1/22/2013,23,30.8,26.7,91,0,0.6,5,180,3,N 
1/23/2013,23,31,26.7,91,2.7,0.4,5,10,4,N 
1/24/2013,23,30.4,27.5,91,1,0.3,5,180,3,NW
1/25/2013,23,30.4,27.6,91,3,2.8,4,180,3,S 
1/26/2013,23,32.5,27.2,91,31.3,0.5,6,360,4,N 
1/27/2013,23,31.6,26.7,91,39.3,0.3,5,10,3,N 
1/28/2013,23,30,25,91,16.9,0.1,7,20,3,NW
1/29/2013,23,30.6,26.6,91,6.1,0.5,4,20,2,S 
1/30/2013,23,30,26.2,91,0,0.1,6,20,3,N 
1/31/2013,24,31.2,26.1,91,0,0.4,6,0,3,N 
1/2/2013,23,30.6,26.4,91,1.2,0.1,4,10,3,N 
2/2/2013,22,30,25.6,91,2.6,0.4,6,360,2,N 
3/2/2013,23,30.8,26,91,0,0.8,6,170,2,W 
4/2/2013,24,31.2,26.8,91,30.4,0.5,5,360,4,S 
5/2/2013,23,28.8,26.1,91,2.6,0,3,180,2,N 
6/2/2013,23,27.6,25.4,91,10.3,0,4,20,3,N 
7/2/2013,23,27.2,24.5,91,3,0,4,180,2,N 
8/2/2013,23,30.8,26.4,91,2.2,0.8,5,20,3,N 
9/2/2013,22,30.8,26.4,91,8,0.3,4,20,2,N 
10/2/2013,23,0,25.8,91,0,0.4,3,20,1,N 
11/2/2013,23,31.2,26.7,91,0,0.4,4,180,2,N 
12/2/2013,23,30.8,26.9,91,0,0.3,28,180,4,N 
2/13/2013,23,30.2,27.1,91,0,0.3,4,360,2,W 
2/14/2013,23,31.8,26.9,91,23.1,0.8,8,20,4,W 
2/15/2013,23,30.8,25.9,91,2.6,0.3,4,180,2,N 
2/16/2013,23,31,26.4,91,2,0.4,7,10,3,N 
2/17/2013,23,31,26.8,91,7.1,0.5,40,180,4,W 
2/18/2013,23,30.8,27.2,91,9.2,0.3,4,20,2,S 
2/19/2013,22,29.6,25,91,73.2,0.1,4,180,3,N 
2/20/2013,22,29.8,26.2,91,4.6,0.3,4,20,2,NW
2/21/2013,22,29.2,25.8,91,0,0,3,360,2,N 
2/22/2013,23,31.2,26.3,91,0,0.4,4,180,3,S 
2/23/2013,24,31.4,27.3,91,0,0.1,4,360,2,S 
2/24/2013,23,31.4,27.3,91,10,0.6,5,20,3,N 
2/25/2013,23,30.2,26.8,91,17.6,0.3,28,20,4,S 
2/26/2013,22,30.8,26,91,7.4,0.2,8,360,3,N 
2/27/2013,23,33.2,24.7,91,0,0.4,4,360,3,N 
2/28/2013,23,33.2,26.9,91,1,0.5,7,20,3,N 
1/3/2013,23,31.8,26.9,91,0.2,0.4,4,20,2,S 
2/3/2013,23,33.2,27.3,91,18.2,0.6,4,270,2,N 
3/3/2013,23,30.2,27.3,91,0.2,0.6,6,270,2,NW
4/3/2013,23,32.8,27.6,91,1.2,0.5,6,180,3,N 
5/3/2013,23,32,26.8,91,1.1,0.3,4,360,2,N 
6/3/2013,23,33.2,26.9,91,6.8,0.2,4,360,2,N 
7/3/2013,23,31.2,27.1,91,1.8,0,6,180,3,N 
8/3/2013,23,30,26.8,91,1.6,0,4,20,3,NW
9/3/2013,24,32,27.7,91,1.4,0.8,4,180,2,N 
10/3/2013,22,30.6,26.6,91,19.5,0.1,6,360,3,N 
11/3/2013,23,32.4,26.5,91,18.4,0.5,10,270,5,N 
12/3/2013,23,27.4,24.4,91,22.8,0.2,7,270,3,N 
3/13/2013,23,30,25.4,91,8.8,0.2,3,360,2,N 
3/14/2013,23,32,26.9,91,0,0.3,5,270,2,NW
3/15/2013,23,31,26.9,91,0,0.7,4,230,2,W 
3/16/2013,23,30.8,26.4,91,0,0.7,4,180,3,N 
3/17/2013,23,31,26.4,91,0,0.6,5,230,3,N 
3/18/2013,22,29.6,26.2,91,0,0.3,5,30,3,NW
3/19/2013,23,30.2,25.5,91,0,0.5,6,180,3,S 
3/20/2013,23,29.8,26.1,91,0,0.2,4,30,2,W 
3/21/2013,23,30.8,26.6,91,0,0.3,5,30,3,NW
3/22/2013,23,30.6,26.1,91,0.1,0.4,5,30,3,N 
3/23/2013,23,31.4,26.6,91,0,0.6,4,30,3,SW
3/24/2013,24,31.4,27.1,91,0,0.2,6,30,2,W 
3/25/2013,23,30.2,26.5,91,1,0.1,6,30,2,N 
3/26/2013,23,32.8,27.6,91,0.3,0.3,6,320,3,N 
3/27/2013,23,32,27.3,91,0,0.6,4,30,2,N 
3/28/2013,23,32.8,27.5,91,0,0.5,7,320,2,NW
3/29/2013,23,31.6,26.5,91,1.4,0.2,4,30,2,W 
3/30/2013,23,31,26,91,45.6,0.4,5,180,3,W 
3/31/2013,24,30.8,26.6,91,0,0.5,5,230,3,NW
1/4/2013,23,31,27.2,91,0,0.6,4,30,2,S 
2/4/2013,23,31,27.1,91,72.8,0.4,5,180,2,SW
3/4/2013,24,31,26.5,91,3.6,0.7,4,40,2,W 
4/4/2013,23,31,27.3,91,4.4,0.8,5,40,3,NW
5/4/2013,23,30,26.3,91,1.2,0.1,4,30,2,N 
6/4/2013,23,31,26,91,33.6,0.6,6,30,2,NW
7/4/2013,23,31.2,26.6,91,3,0.3,4,30,2,NW
8/4/2013,24,30.4,26.8,91,27.8,0.3,4,10,2,N 
9/4/2013,23,28.4,25.2,91,144.2,0.3,3,10,2,N 
10/4/2013,23,30.2,25.8,91,2.2,0.2,4,210,1,SW
11/4/2013,23,28.6,24.7,91,45,0.1,6,20,2,W 
12/4/2013,24,29.8,25.2,91,2.2,0.2,3,30,2,SW
4/13/2013,24,30.4,26,91,30,0.2,6,180,3,N 
4/14/2013,22,30.4,25.1,91,19.2,0,4,20,2,NW
4/15/2013,23,30.4,25.8,91,2.8,0.3,4,20,2,N 
4/16/2013,23,31.2,26.7,91,4.6,0.7,4,220,3,NW
4/17/2013,23,30,26.5,91,0,0.5,4,180,2,W 
4/18/2013,23,30.6,27.3,91,0,0,4,180,2,S 
4/19/2013,23,31.2,26,91,2.4,0.5,4,30,2,N 
4/20/2013,23,30.6,24.9,91,39.4,0.5,4,10,3,NW
4/21/2013,22,30,26.3,91,81,0.4,4,270,2,N 
4/22/2013,23,29.8,26.2,91,0,0.3,4,30,2,W 
4/23/2013,23,30.8,26.4,91,0,0,4,180,2,SW
4/24/2013,23,30.6,26.2,91,13.2,0.6,4,180,3,N 
4/25/2013,23,28.8,25.4,91,43.2,0.6,5,30,2,W 
4/26/2013,23,27.8,27.4,91,18.2,0,7,30,3,N 
4/27/2013,22,30.4,25.5,91,8,0.3,4,20,2,W 
4/28/2013,22,30.4,26.2,91,0,0.4,7,270,3,N 
4/29/2013,23,30.6,26.1,91,0,0.6,4,180,2,SW
4/30/2013,22,30.6,27.2,91,8.1,0.6,8,240,2,N 
1/5/2013,22,30.2,26,91,35.4,0.5,3,180,2,SW
2/5/2013,24,30.4,26.5,91,27.1,0.5,4,210,2,SW
3/5/2013,23,30,26.5,91,9.2,0.4,3,30,1,W 
4/5/2013,23,31.2,26.7,91,4,0.6,4,280,2,W 
5/5/2013,23,30.2,26.2,91,0.8,0.3,4,180,2,S 
6/5/2013,23,31.2,19.1,91,96,0.7,4,30,2,NW
7/5/2013,23,30.2,26,91,56.4,0.1,4,180,2,W 
8/5/2013,24,30.6,26.1,91,4.2,0.2,4,200,1,W 
9/5/2013,23,29.8,25.3,91,1.5,0.1,3,190,2,S 
10/5/2013,23,29.2,25.9,91,4.5,0.1,3,200,2,NW
11/5/2013,23,30.4,26.2,91,0,0,4,190,2,N 
12/5/2013,23,29.6,25.7,91,4.6,0.3,4,20,1,SW
5/13/2013,23,28.2,25.2,91,0,0.2,4,30,2,N 
5/14/2013,22,27.8,24.6,91,2.5,0.1,8,190,1,S 
5/15/2013,24,28.4,25.6,91,66.5,0.1,3,10,1,W 
5/16/2013,23,30.4,26.7,91,1.2,0.7,4,190,2,N 
5/17/2013,22,28,25.6,91,26,0.2,3,30,0,S 
5/18/2013,21,29.6,25.1,91,26,0.5,3,30,2,W 
5/19/2013,23,29,25.7,91,1.9,0.2,4,30,2,W 
5/20/2013,22,29.4,25.4,91,2.9,0.4,4,30,2,SW
5/21/2013,23,30.4,26,91,18.8,0.4,4,230,2,W 
5/22/2013,22,30,26.3,91,26.4,0.4,3,20,2,N 
5/23/2013,23,29.8,26.2,91,14.3,0.4,3,30,1,S 
5/24/2013,23,30,26.8,91,2.3,0.6,4,250,2,W 
5/25/2013,22,30.2,23.9,91,10.6,0.1,7,20,2,N 
5/26/2013,22,29.2,25.6,91,0.5,0,4,30,2,SW
5/27/2013,23,29.8,25.9,91,35.6,0.7,3,30,2,S 
5/28/2013,23,31,26.3,91,1.5,0.6,4,30,2,NW
5/29/2013,22,28.4,24.8,91,0,0.3,3,30,1,SW
5/30/2013,22,28.6,24.6,91,0,0,4,30,2,W 
5/31/2013,22,29.2,24.4,91,3.2,0.4,6,20,3,N 
1/6/2013,22,29.6,25.8,91,16.8,0.4,4,20,2,N 
2/6/2013,22,28.8,25.1,91,7.4,0.1,3,270,1,W 
3/6/2013,22,29.4,26.2,91,0,0.6,3,180,1,S 
4/6/2013,22,30,25.8,91,0.8,0.6,4,180,2,S 
5/6/2013,23,29.6,25.8,91,2.6,0.3,4,170,2,S 
6/6/2013,22,29.4,25.3,91,15.6,0.3,4,200,2,S 
7/6/2013,23,29.8,25.7,91,28,0.4,8,160,2,S 
8/6/2013,23,29.8,25.5,91,0,0.3,5,170,2,S 
9/6/2013,22,29.6,25.1,91,18.5,0.3,5,20,3,N 
10/6/2013,23,29.8,25.3,91,3.2,0.1,4,170,2,S 
11/6/2013,23,29.8,26.2,91,0.8,0.4,4,20,2,N 
12/6/2013,23,29.2,25.4,91,50.1,0.3,3,180,2,S 
6/13/2013,23,30,25.8,91,0.6,0.6,4,160,2,S 
6/14/2013,23,27.4,25.2,91,5.6,0.4,4,180,1,S 
6/15/2013,23,29.8,25.9,91,12.2,0.4,3,180,2,S 
6/16/2013,23,29.8,25.5,91,8.6,0.4,3,180,1,S 
6/17/2013,23,29.2,25.9,91,0.4,0.2,4,180,2,S 
6/18/2013,23,29.4,25,91,17.3,0.3,3,180,2,S 
6/19/2013,23,29.8,25.7,91,3.6,0.3,6,20,3,N 
6/20/2013,23,30.2,26.3,91,0,0.4,4,180,3,S 
6/21/2013,23,20.6,26.8,91,0,0.4,4,170,1,S 
6/22/2013,22,30.6,26.6,91,0,0.7,3,20,2,N 
6/23/2013,22,30,25.1,91,2,0.4,4,180,2,S 
6/24/2013,22,30.6,25.5,91,0,0.4,3,180,2,S 
6/25/2013,22,30.4,25.5,91,3.2,0.1,45,180,5,S 
6/26/2013,22,29.8,25,91,2.8,0.4,4,180,2,S 
6/27/2013,24,29.4,25.3,91,37.6,0.2,3,170,1,S 
6/28/2013,22,28.8,24.6,91,52.2,0.1,4,180,2,S 
6/29/2013,23,28.2,25,91,1.8,0.2,5,90,2,E 
6/30/2013,23,29.6,25.3,91,6,0.6,3,180,2,S 
1/7/2013,23,28.6,25.4,91,6,0.2,4,170,2,S 
2/7/2013,22,28,24.9,91,4.8,0,4,20,2,N 
3/7/2013,22,29.4,25.2,91,0,0.4,5,260,2,W 
4/7/2013,23,29.2,25,91,34,0.4,6,30,2,N 
5/7/2013,22,28.4,25.2,91,6,0,4,30,2,SW
6/7/2013,22,28.6,25,91,1.6,0.3,3,30,2,S 
7/7/2013,22,29.2,25.7,91,1.8,0.5,4,170,2,N 
8/7/2013,22,30,25.6,91,37.4,0.6,4,180,3,N 
9/7/2013,22,29.2,25.2,91,14.9,0.3,4,30,2,N 
10/7/2013,22,29.4,25.1,91,0,0.4,4,20,2,NW
11/7/2013,23,29.8,25.1,91,7.8,0.4,4,180,3,N 
12/7/2013,22,28.4,24.6,91,63.3,0.2,4,270,2,N 
7/13/2013,22,27.4,23.9,91,0,0.2,4,30,2,S 
7/14/2013,22,29.8,24.5,91,45.6,0.4,4,180,2,S 
7/15/2013,22,29.2,25,91,3.2,0.2,3,180,2,W 
7/16/2013,21,28.4,25.1,91,54.6,0.3,13,180,3,S 
7/17/2013,22,27.8,24.7,91,5.8,0.1,3,10,2,S 
7/18/2013,22,27,24.8,91,2.4,0,4,20,1,N 
7/19/2013,23,28.8,24.9,91,1.8,0.4,4,30,3,NW
7/20/2013,22,29.8,25.2,91,4.6,0.6,4,180,2,NW
7/21/2013,23,29.2,25.4,91,26.8,0.4,4,330,2,N 
7/22/2013,22,28,24.9,91,6.6,0,4,40,2,NW
7/23/2013,23,29,25.1,91,0.6,0,5,180,3,SW
7/24/2013,23,29.4,24.9,91,67.6,0,4,30,3,N 
7/25/2013,22,27.4,23.5,91,50.2,0,4,260,3,NW
7/26/2013,23,28.6,25,91,11.2,0,4,20,3,SW
7/27/2013,23,25.4,24.2,91,90.8,0,10,180,6,N 
7/28/2013,23,26,24.7,91,4.4,0,3,220,2,W 
7/29/2013,23,27,25.1,91,0,0,4,20,1,SE
7/30/2013,23,28.8,24.6,91,25.4,0,4,30,1,NW
7/31/2013,22,28.2,24.6,91,80,0,4,180,2,W 
1/8/2013,22,27,24.5,91,16.4,0,2,30,2,W 
2/8/2013,22,28,24.4,91,22.3,0,3,30,2,W 
3/8/2013,21,29.2,25.3,91,0,0,3,200,2,SW
4/8/2013,21,27.8,23.4,91,4,0,8,200,3,N 
5/8/2013,22,28,24.9,91,0,0,4,210,2,SW
6/8/2013,23,27.8,24.3,91,0,0,6,160,3,N 
7/8/2013,23,28,24.7,91,0,0,5,190,3,SW
8/8/2013,22,26,24.5,91,13.5,0,7,180,4,S 
9/8/2013,22,26,24,91,49.3,0,8,180,5,S 
10/8/2013,22,26.8,23.6,91,8,0,5,160,2,S 
11/8/2013,22,27,24.3,91,23.8,0,6,30,2,W 
12/8/2013,22,27.6,24.3,91,20.9,0,4,130,2,W 
8/13/2013,23,27.8,24.7,91,0,0,3,180,2,N 
8/14/2013,23,27.8,24.6,91,0,0,4,30,2,NW
8/15/2013,22,27.4,24.1,91,0,0,4,30,2,S 
8/16/2013,22,28.4,24.6,91,0,0,4,50,2,W 
8/17/2013,22,27.8,24.2,91,5.5,0,5,120,3,S 
8/18/2013,22,28.4,24.4,91,21.3,0,4,30,2,S 
8/19/2013,22,28,25,91,128.3,0,4,220,1,W 
8/20/2013,22,28.1,24.3,91,2.5,0,4,170,3,SW
8/21/2013,23,27.8,25,91,0,0,28,150,5,NW
8/22/2013,22,28,24.9,91,0,0,10,170,5,NW
8/23/2013,22,27.8,24.7,91,0,0,6,160,2,S 
8/24/2013,22,28.4,25.9,91,0,0,7,150,3,SW
8/25/2013,22,28.8,24.8,91,12.5,0,5,160,3,N 
8/26/2013,23,29,25,91,1.5,0,44,100,5,NW
8/27/2013,23,28.6,25.9,91,41.7,0,4,200,3,W 
8/28/2013,23,28.6,25.2,91,47.6,0,4,180,3,SW
8/29/2013,22,29.8,25.9,91,0.6,0,6,30,2,NW
8/30/2013,22,29,24.2,91,0,0,4,30,3,NW
8/31/2013,23,27.6,24.2,91,0,0,4,20,2,N 
1/9/2013,23,27,25.2,91,6.4,0.5,4,320,2,S 
2/9/2013,23,28.8,23.7,91,95.1,0.5,36,810,14,SE
3/9/2013,22,26.6,23.7,91,19.4,0,5,360,2,N 
4/9/2013,21,28,25.3,91,0.4,0,3,280,2,N 
5/9/2013,21,28.3,25.3,91,0,0.1,6,250,3,S 
6/9/2013,23,27.2,25.6,91,50.4,0,7,250,3,N 
7/9/2013,22,28.2,25.9,91,2.4,0.4,5,200,3,S 
8/9/2013,22,29.2,25.1,91,0,0.4,5,260,3,S 
9/9/2013,22,23.8,26.3,91,30.1,0.2,6,220,3,S 
10/9/2013,23,28,24,91,17.5,0.1,4,250,2,N 
11/9/2013,22,27.8,24.9,91,2.3,0.1,3,230,1,E 
12/9/2013,22,28.8,25,91,16,0.2,48,360,10,S 
9/13/2013,22,28.6,26.3,91,6.8,0.2,4,330,2,S 
9/14/2013,22,28.3,26.7,91,0.6,0.1,3,290,1,S 
9/15/2013,22,28.2,24.9,91,0.2,0.1,4,200,2,S 
9/16/2013,22,28.8,25.6,91,0.2,0.3,43,360,5,S 
9/17/2013,22,28.6,26.7,91,0,0.2,4,230,2,S 
9/18/2013,23,27.8,25.9,91,0,0.3,4,400,2,S 
9/19/2013,23,28.2,26.1,91,0,0.3,5,300,2,S 
9/20/2013,23,28.2,26.3,91,0,0.4,22,360,3,S 
9/21/2013,23,27,25.8,91,39.9,0.4,4,350,2,S 
9/22/2013,23,28.6,25.9,91,10,0.1,4,200,3,S 
9/23/2013,22,28.2,25.5,91,29,0.6,5,200,3,S 
9/24/2013,22,29.6,24.3,91,27,0.3,7,200,4,E 
9/25/2013,22,29.8,25.2,91,0,0.3,9,230,3,S 
9/26/2013,24,30.2,25,91,1.4,0.1,4,220,2,S 
9/27/2013,24,28.6,25.7,91,0,0.1,4,200,1,SE
9/28/2013,23,28.6,24.7,91,0,0.1,4,200,3,S 
9/29/2013,23,29.2,25.8,91,0.6,0.2,27,210,4,S 
9/30/2013,23,30.6,26.1,91,0,0.7,4,220,3,S 
1/10/2013,23,28.8,25.1,91,0,0.7,9,18,8,N 
2/10/2013,21,28.4,25.2,91,0,0.1,5,340,3,N 
3/10/2013,21,28,23.7,91,0,0.1,4,360,3,N 
4/10/2013,21,29.2,23.7,91,0,0.1,3,360,2,N 
5/10/2013,23,28.8,25.3,91,0,0.6,5,360,3,N 
6/10/2013,23,29.6,25.3,91,0,0.6,6,240,3,N 
7/10/2013,23,29.8,25.6,91,0,0.2,5,0,3,N 
8/10/2013,29,28.8,25.9,91,0,0.4,5,0,2,N 
9/10/2013,24,28.6,25.1,91,0,0.2,5,0,2,N 
10/10/2013,23,27.6,26.3,91,0,0.2,5,0,3,N 
11/10/2013,23,28,24,91,0,0,5,0,2,N 
12/10/2013,23,28.8,24.9,91,0,0,3,0,1,N 
10/13/2013,23,29.8,25,91,0,0.2,3,0,2,N 
10/14/2013,23,29,26.3,91,0,0.3,3,0,2,N 
10/15/2013,23,29.6,26.7,91,0,0.2,3,0,1,N 
10/16/2013,22,29.6,24.9,91,0,0,10,0,3,N 
10/17/2013,23,30,25.6,91,0,0,12,0,3,N 
10/18/2013,23,29.6,26.7,91,0,0.8,5,0,3,N 
10/19/2013,23,30.2,25.9,91,0,0.5,4,0,3,N 
10/20/2013,23,30.2,26.1,91,0,0.4,5,0,3,N 
10/21/2013,23,29.8,26.3,91,0,0.5,3,0,2,N 
10/22/2013,23,30.4,25.8,91,0,0.3,3,0,2,N 
10/23/2013,22,30,25.9,91,0,0.3,4,0,2,N 
10/24/2013,23,29,25.5,91,0,0.4,4,0,2,N 
10/25/2013,22,29.2,24.3,91,0,0.4,6,0,3,N 
10/26/2013,22,29.8,25.2,91,0,0.3,5,0,2,N 
10/27/2013,23,29.6,25,91,0,0.3,4,0,2,N 
10/28/2013,24,29,25.7,91,0,0.4,4,0,2,N 
10/29/2013,22,28,24.7,91,0,0.7,3,0,2,N 
10/30/2013,22,29.6,25.8,91,0,0.1,31,0,4,N 
10/31/2013,23,30.2,26.1,91,0,0.6,4,0,2,N 
1/11/2013,22,30,25.1,91,0,5.5,4,0,3,N 
2/11/2013,22,29.8,25.9,91,0,4.8,4,180,2,S 
3/11/2013,23,30.2,26.9,91,18.8,6.8,4,180,2,S 
4/11/2013,23,30.2,25.9,91,0,5.1,5,180,2,S 
5/11/2013,23,31,25.6,91,6,2.4,5,180,3,SW
6/11/2013,23,29.6,26.1,91,5.9,1.2,3,360,2,W 
7/11/2013,22,30.6,26.7,91,0,3.8,4,180,2,S 
8/11/2013,23,30.8,23,91,19.8,3.6,5,180,2,SW
9/11/2013,23,29.2,25.3,91,42.8,1.8,4,230,2,W 
10/11/2013,23,29.2,25.8,91,0.2,3,4,180,2,S 
11/11/2013,22,31,26.4,91,0,6.6,5,180,3,S 
12/11/2013,23,30.8,26.1,91,0,7.9,5,180,2,S 
11/13/2013,24,30.8,26.9,91,0.6,3.6,5,10,2,S 
11/14/2013,23,30,25.4,91,13,4.4,4,180,2,S 
11/15/2013,23,30.6,27.2,91,0,5,4,180,2,S 
11/16/2013,23,31,26.8,91,0,3.2,4,180,2,S 
11/17/2013,24,31.4,27,91,4,4.2,5,180,2,W 
11/18/2013,23,30.2,26.3,91,16.2,4,4,10,2,SW
11/19/2013,23,30,26.3,91,3.8,3.1,4,20,2,W 
11/20/2013,21,27,23.5,91,16.4,0,5,180,4,S 
11/21/2013,22,30.4,22.8,91,0,5.8,4,30,3,S 
11/22/2013,22,30.8,25.6,91,0,6.6,4,360,3,SW
11/23/2013,23,31,26.4,91,6,1.1,3,180,2,NE
11/24/2013,22,30.2,24.3,91,1.6,6.4,4,180,2,SE
11/25/2013,22,31.4,26,91,0,7,5,180,2,SW
11/26/2013,22,31,26.2,91,4.8,5.8,4,350,3,S 
11/27/2013,23,30.6,26.9,91,13.4,3.5,4,20,4,S 
11/28/2013,22,29.6,25.7,91,2.2,1.6,4,180,2,SE
11/29/2013,23,30.4,25.5,91,13,4.4,5,180,2,S 
11/30/2013,23,31.2,26,91,1.2,5,5,350,2,N 
1/12/2013,23,30.8,26.4,91,2,5,3,30,2,S 
2/12/2013,23,30.6,26.9,91,6.4,5.4,4,30,2,S 
3/12/2013,23,30.4,26.1,91,57.6,3.9,4,20,4,N 
4/12/2013,23,30.2,26.1,91,5.8,3,4,30,3,W 
5/12/2013,23,30.2,26.2,91,0,2.6,3,30,1,S 
6/12/2013,23,31.2,26.7,91,0,5.6,4,30,2,SW
7/12/2013,23,31,26.6,91,2,4.3,4,30,3,S 
8/12/2013,23,30.8,26.6,91,8.4,4.4,4,30,3,NE
9/12/2013,23,31.2,26.3,91,0,7.1,4,50,2,S 
10/12/2013,23,30.6,26.4,91,3.4,4.7,4,360,2,S 
11/12/2013,24,30.2,25.7,91,6.2,1.4,4,30,3,SE
12/12/2013,23,30.8,26.2,91,6.2,4.6,4,30,3,S 
12/13/2013,23,30.4,26.3,91,15.4,4.5,3,30,3,E 
12/14/2013,23,30.4,28.8,91,0.8,3.7,4,240,4,NW
12/15/2013,23,30,26,91,2.6,1,4,360,3,N 
12/16/2013,23,30.6,26.7,91,2.8,5.6,4,200,3,W 
12/17/2013,23,31.2,26,91,1.9,5,4,30,3,W 
12/18/2013,24,31,26.4,91,0,1.3,4,30,3,W 
12/19/2013,24,30.4,26.8,91,6,1.5,5,30,3,W 
12/20/2013,23,31,26.4,91,4.6,3.9,4,340,2,NE
12/21/2013,23,29.4,25.1,91,3.8,1.1,4,10,2,N 
12/22/2013,23,30.4,25.4,91,0.8,3.4,4,20,2,S 
12/23/2013,23,30,25.5,91,4,7.4,5,20,2,SW
12/24/2013,23,29,24.3,91,0.6,1.8,4,190,3,SW
12/25/2013,23,29.2,25.2,91,0,2.6,3,30,2,N 
12/26/2013,24,31,26.9,91,0,3.3,4,30,2,NE
12/27/2013,23,28.8,25.4,91,4.4,0,5,20,2,W 
12/28/2013,23,30.2,27,91,9.4,3.9,4,200,2,S 
12/29/2013,22,31.6,26.8,91,0,8,4,40,2,SW
12/30/2013,24,31.4,27.1,91,18.1,7.7,4,30,2,SW
12/31/2013,24,30.2,25.7,91,0,1.5,4,30,2,W 
1/1/2014,23,28.4,24.4,91,0,0,4,30,48,N 
2/1/2014,23,30.4,25.6,91,0,0,4,0,46,N 
3/1/2014,22,30.4,26.1,91,0,0,5,30,45,N 
4/1/2014,23,31.2,27.1,91,0,0,5,20,43,N 
5/1/2014,23,31.2,26.9,91,0,0,4,30,41,N 
6/1/2014,24,31.6,27.2,91,0,0,5,30,43,N 
7/1/2014,23,30.2,25.9,91,0,0,5,200,44,N 
8/1/2014,23,28.8,25.7,91,0,0,5,10,45,N 
9/1/2014,23,30.6,25.4,91,0,0,5,30,44,N 
10/1/2014,23,30.4,26.4,91,0,0,6,10,43,N 
11/1/2014,24,32,27.3,91,0,0,5,0,42,N 
12/1/2014,23,33.4,29,91,0,0,5,200,38,N 
1/13/2014,23,31.2,26.1,91,0,0,5,0,45,N 
1/14/2014,23,33,27.7,91,0,0,6,0,39,N 
1/15/2014,24,33.2,27.3,91,0,0,5,160,42,N 
1/16/2014,23,30.4,25.7,91,0,0,12,0,43,N 
1/17/2014,23,28.4,25.8,91,0,0,4,10,44,N 
1/18/2014,23,31.6,25.6,91,0,0,4,20,45,N 
1/19/2014,23,33.2,30.6,91,0,0,8,0,39,N 
1/20/2014,23,32.2,27,91,0,0,5,250,42,N 
1/21/2014,23,27.6,24.9,91,0,0,6,0,43,N 
1/22/2014,23,27.8,23.9,91,0,0,3,0,49,N 
1/23/2014,22,30.2,26,91,0,0,4,20,43,N 
1/24/2014,23,31.4,26.4,91,0,0,7,0,43,N 
1/25/2014,23,29,23.7,91,0,0,8,0,47,N 
1/26/2014,21,31,25.9,91,0,0,4,0,45,N 
1/27/2014,21,31.2,26.3,91,0,0,5,0,43,N 
1/28/2014,23,31.2,26.5,91,0,0,7,300,42,N 
1/29/2014,24,30.8,27,91,0,0,6,0,39,N 
1/30/2014,23,32.2,27.4,91,0,0,5,300,37,N 
1/31/2014,23,32.2,27,91,0,0,4,0,41,N 
1/2/2014,23,32.4,27,91,0,0,6,330,36,N 
2/2/2014,23,33.2,28.2,91,0,0,4,340,36,N 
3/2/2014,23,33,28.4,91,0,0,6,330,34,N 
4/2/2014,22,34,28.2,91,0,0,6,310,36,N 
5/2/2014,23,34,27.2,91,0,0,6,350,41,N 
6/2/2014,23,31.8,26.6,91,0,0,4,360,44,N 
7/2/2014,24,31,26.6,91,0,0,3,600,43,N 
8/2/2014,23,31.4,26.6,91,0,0,4,320,43,N 
9/2/2014,24,31.6,27.4,91,0,0,5,600,42,N 
10/2/2014,22,24.6,26,91,0,0,3,280,43,N 
11/2/2014,22,30.4,25.9,91,0,0,4,220,43,N 
12/2/2014,22,29.8,26,91,0,0,4,360,42,N 
2/13/2014,23,28.8,25.1,91,0,0,5,320,46,N 
2/14/2014,23,30.4,25.5,91,0,0,6,360,45,N 
2/15/2014,22,30,26.3,91,0,0,3,340,41,N 
2/16/2014,22,32,26.9,91,0,0,5,360,39,N 
2/17/2014,24,28.8,25.7,91,0,0,6,360,44,N 
2/18/2014,23,31.2,26.6,91,0,0,9,350,36,N 
2/19/2014,24,31,26.8,91,0,0,5,350,39,N 
2/20/2014,23,30.8,26.3,91,0,0,6,450,42,N 
2/21/2014,23,31,26.5,91,0,0,5,350,40,N 
2/22/2014,22,30.8,25.8,91,0,0,5,350,42,N 
2/23/2014,23,31,26.3,91,0,0,5,320,44,N 
2/24/2014,22,32,26.4,91,0,0,7,340,40,N 
2/25/2014,23,30.6,26.3,91,0,0,4,290,42,N 
2/26/2014,22,0,26.2,91,0,0,5,350,41,N 
2/27/2014,29,30.6,26.5,91,0,0,5,260,41,N 
2/28/2014,22,30.9,26.9,91,0,0,4,240,43,N 
1/3/2014,23,30.8,26.5,91,0,4.3,4,30,44,N 
2/3/2014,23,30,26.3,91,2,3.8,4,40,46,N 
3/3/2014,24,30.4,26.3,91,6.4,6.3,4,30,67,N 
4/3/2014,22,30.2,26.6,91,57.2,5.6,4,200,42,N 
5/3/2014,22,31.2,26.1,91,5.8,6.4,4,30,44,N 
6/3/2014,23,31,26.3,91,0,6.1,5,30,46,N 
7/3/2014,24,30.4,26.8,91,0,2.4,4,290,46,N 
8/3/2014,24,30.4,26.4,91,2,3.6,5,30,49,N 
9/3/2014,24,29.8,25.7,91,8.4,0.2,4,30,46,N 
10/3/2014,23,29.4,26.2,91,0,3.6,3,30,47,N 
11/3/2014,24,28.8,25.3,91,3.4,2.3,4,40,47,N 
12/3/2014,23,29.8,26.2,91,6.2,7.8,4,130,43,N 
3/13/2014,23,29.8,26.7,91,0,0,3,30,44,N 
3/14/2014,23,30,24.4,91,15.4,0,3,30,48,N 
3/15/2014,23,27.6,24.9,91,0,0,4,30,48,N 
3/16/2014,23,28.6,25.2,91,2.6,0,3,30,48,N 
3/17/2014,23,30.2,26.6,91,2.6,0,4,30,44,N 
3/18/2014,23,29.8,26.2,91,3.1,0,4,0,45,N 
3/19/2014,24,27.8,25.1,91,0,0,4,30,47,N 
3/20/2014,23,0,26.6,91,6,0,4,30,42,N 
3/21/2014,23,30,26.7,91,4.6,0,5,30,43,N 
3/22/2014,0,30.2,26,91,3.8,0,4,40,46,N 
3/23/2014,23,28,25,91,0.8,0,4,30,47,N 
3/24/2014,23,30.6,26.4,91,4,0,4,0,44,N 
3/25/2014,23,0,25.4,91,0.6,0,4,30,48,N 
3/26/2014,0,29.6,26.4,91,0,0,3,30,44,N 
3/27/2014,23,0,26.7,91,0,0,5,30,44,N 
3/28/2014,0,0,0,91,4.4,0,0,0,25,N 
3/29/2014,0,0,0,91,9.4,0,0,0,0,N 
3/30/2014,0,0,0,91,0,0,0,0,0,N 
3/31/2014,0,0,0,91,18.1,0,0,0,0,N 
1/4/2014,24,30.4,25.5,91,0,0,5,360,43,N 
2/4/2014,23,28.2,25.3,91,0,0,4,340,48,N 
3/4/2014,23,29.2,26,91,0,0,4,280,44,N 
4/4/2014,23,30,26.5,91,0,0,4,250,46,N 
5/4/2014,23,29.8,25.2,91,0,0,5,180,47,N 
6/4/2014,23,30.8,26.5,91,0,0,5,350,45,N 
7/4/2014,23,29.6,26.2,91,0,0,3,330,46,N 
8/4/2014,23,28,25,91,0,0,5,350,48,N 
9/4/2014,24,29.8,24.7,91,0,0,5,360,47,N 
10/4/2014,23,29,25.2,91,0,0,5,170,44,N 
11/4/2014,23,30.4,25.8,91,0,0,3,290,47,N 
12/4/2014,24,30.6,26.1,91,0,0,4,230,45,N 
4/13/2014,24,30.2,27.1,91,0,0,4,340,44,N 
4/14/2014,24,28.2,25.8,91,0,0,3,220,47,N 
4/15/2014,22,30.6,26,91,0,0,4,200,45,N 
4/16/2014,23,29.8,25.8,91,0,0,4,320,44,N 
4/17/2014,23,29.8,26.1,91,0,0,5,200,45,N 
4/18/2014,23,30.4,26.7,91,0,0,4,240,41,N 
4/19/2014,23,31,26.9,91,0,0,4,300,42,N 
4/20/2014,23,31.2,26.8,91,0,0,5,360,42,N 
4/21/2014,23,31.6,27.7,91,0,0,7,270,40,N 
4/22/2014,23,31,27.5,91,0,0,8,350,40,N 
4/23/2014,23,33,27.7,91,0,0,8,350,41,N 
4/24/2014,24,27.4,24.6,91,0,0,4,330,49,N 
4/25/2014,23,30.4,26.1,91,0,0,5,240,47,N 
4/26/2014,24,30.6,26.5,91,0,0,3,280,45,N 
4/27/2014,23,30.2,26.7,91,0,0,7,340,43,N 
4/28/2014,23,30.2,26.2,91,0,0,4,210,44,N 
4/29/2014,23,31.4,27,91,0,0,4,250,42,N 
4/30/2014,23,30.4,26.2,91,0,0,4,220,43,N 
1/5/2014,23,30.8,26.5,91,3.4,4.3,4,30,44,N 
2/5/2014,23,30,26.3,91,0,3.8,4,40,46,N 
3/5/2014,24,30.4,26.3,91,0.8,6.3,4,30,67,N 
4/5/2014,22,30.2,26.6,91,0,5.6,4,200,42,N 
5/5/2014,22,31.2,26.1,91,0,6.4,4,30,44,N 
6/5/2014,23,31,26.3,91,5.8,6.1,5,30,46,N 
7/5/2014,24,30.4,26.8,91,6.2,2.4,4,290,46,N 
8/5/2014,24,30.4,26.4,91,0,3.6,5,30,49,N 
9/5/2014,24,29.8,25.7,91,7.2,0.2,4,30,46,N 
10/5/2014,23,29.4,26.2,91,12.4,3.6,3,30,47,N 
11/5/2014,24,28.8,25.3,91,0,2.3,4,40,47,N 
12/5/2014,23,29.8,26.2,91,19.2,7.8,4,130,43,N 
5/13/2014,23,29.8,26.7,91,0,2.8,3,30,44,N 
5/14/2014,23,30,24.4,91,0,2.2,3,30,48,N 
5/15/2014,23,27.6,24.9,91,31,0,4,30,48,N 
5/16/2014,23,28.6,25.2,91,1.2,1.5,3,30,48,N 
5/17/2014,23,30.2,26.6,91,1.6,5.6,4,30,44,N 
5/18/2014,23,29.8,26.2,91,0,4.3,4,0,45,N 
5/19/2014,24,27.8,25.1,91,0.4,0.3,4,30,47,N 
5/20/2014,23,30.4,26.6,91,2.8,8,4,30,42,N 
5/21/2014,23,30,26.7,91,0,8,5,30,43,N 
5/22/2014,24,30.2,26,91,0,4.3,4,40,46,N 
5/23/2014,23,28,25,91,2.6,0,4,30,47,N 
5/24/2014,23,30.6,26.4,91,0.6,6.2,4,0,44,N 
5/25/2014,23,30.2,25.4,91,0,3.5,4,30,48,N 
5/26/2014,23,29.6,26.4,91,17.9,3.3,3,30,44,N 
5/27/2014,23,30,26.7,91,0,7.1,5,30,44,N 
5/28/2014,24,29.6,25.5,91,3.6,3.8,6,30,48,N 
5/29/2014,24,29.8,26.3,91,30.6,3.9,4,30,45,N 
5/30/2014,23,28.2,25.2,91,23,0.7,4,30,48,N 
5/31/2014,23,28.6,25.2,91,29.6,1.8,4,30,47,N 
1/6/2014,24,29.8,26.5,91,2,5.6,3,260,45,N 
2/6/2014,23,29.8,26,91,1,1.4,4,360,46,N 
3/6/2014,23,29.6,25.6,91,0,2.4,18,200,47,N 
4/6/2014,23,29.8,25.6,91,11,2.6,4,200,46,N 
5/6/2014,23,29.4,28.6,91,0,3.4,4,280,46,N 
6/6/2014,23,29.8,25.5,91,7.6,3.2,4,250,46,N 
7/6/2014,23,29,25.8,91,0,3.4,5,320,46,N 
8/6/2014,23,29.2,25.4,91,0,0.6,3,230,47,N 
9/6/2014,24,30,25.4,91,5,7.7,4,320,46,N 
10/6/2014,25,28.4,26.1,91,8.8,7.5,4,360,47,N 
11/6/2014,23,27.6,25.8,91,10.2,0.1,3,260,46,N 
12/6/2014,24,28.2,24.7,91,72.8,1.5,4,350,49,N 
6/13/2014,24,27,25.2,91,42.1,3.3,5,360,48,N 
6/14/2014,22,29,24.4,91,9.8,0,3,280,50,N 
6/15/2014,21,28.8,25.3,91,0,2.8,5,270,46,N 
6/16/2014,22,29,24.4,91,29,2.4,6,230,46,N 
6/17/2014,23,27.6,24.5,91,65.8,4.1,4,360,47,N 
6/18/2014,23,28,25.2,91,2.9,0.1,4,260,47,N 
6/19/2014,23,29.6,25.2,91,0.6,0.8,3,300,46,N 
6/20/2014,23,29.8,25.8,91,0,2.1,3,340,45,N 
6/21/2014,23,27.6,25.9,91,63.4,3.4,3,340,46,N 
6/22/2014,22,29.2,24.7,91,0.4,0,3,170,47,N 
6/23/2014,23,28.8,25.3,91,0.8,6.7,4,290,45,N 
6/24/2014,23,28,25.6,91,0,5.8,4,230,45,N 
6/25/2014,23,28.6,25.4,91,0.1,3.2,6,200,39,N 
6/26/2014,23,28.2,25.1,91,0.2,1.6,4,200,46,N 
6/27/2014,23,28,25.3,91,1.4,2.8,3,250,45,N 
6/28/2014,22,29,25,91,9,2.8,5,240,47,N 
6/29/2014,22,27.8,25.6,91,0.8,5.7,4,250,43,N 
6/30/2014,0,0,24.2,91,14.7,2,6,200,47,N 
1/7/2014,23,25.4,25.2,91,64.8,0,8,180,48,N 
2/7/2014,22,26.8,23.8,91,3,0,6,180,50,N 
3/7/2014,24,26.4,24.9,91,1,0.4,8,130,48,N 
4/7/2014,24,27,24.4,91,12,0,6,150,47,N 
5/7/2014,23,27.6,23.9,91,3,0.1,8,200,48,N 
6/7/2014,22,27,23.9,91,5,0.2,6,200,48,N 
7/7/2014,23,26,24.4,91,9.6,0,4,0,49,N 
8/7/2014,22,27.6,24,91,0.6,1.2,5,0,47,N 
9/7/2014,23,28,25,91,15.8,5.2,5,0,46,N 
10/7/2014,23,27.6,24.8,91,0.8,2.2,4,0,47,N 
11/7/2014,22,28.4,24.7,91,0,5.6,4,30,45,N 
12/7/2014,23,28,24.6,91,3.6,4.7,6,180,46,N 
7/13/2014,22,27.4,24.3,91,0,0.5,4,0,46,N 
7/14/2014,22,27,24.6,91,20.6,0.6,5,30,49,N 
7/15/2014,22,28,24.6,91,1.8,2.3,3,30,48,N 
7/16/2014,23,28.2,24.7,91,2.2,1.6,4,0,47,N 
7/17/2014,23,27.6,24.9,91,0,1.5,4,0,45,N 
7/18/2014,22,27.8,24.9,91,1,3.1,6,200,45,N 
7/19/2014,22,28.2,24.6,91,0,3.3,4,0,45,N 
7/20/2014,23,27.4,24.6,91,0,0.6,5,160,47,N 
7/21/2014,23,27.8,24.7,91,2,1.6,6,170,41,N 
7/22/2014,22,27.4,24.2,91,2.8,0,18,30,45,N 
7/23/2014,22,28,24.3,91,24.4,3.7,5,130,45,N 
7/24/2014,23,28,24.9,91,0.8,4.6,4,180,46,N 
7/25/2014,22,28.2,24.8,91,0,7.8,4,200,44,N 
7/26/2014,21,26.4,24.6,91,7.2,1.7,6,180,45,N 
7/27/2014,22,26.8,23.9,91,0.6,5.5,7,180,45,N 
7/28/2014,22,27.6,23.7,91,2,2,5,50,46,N 
7/29/2014,21,27.6,23.6,91,1,5,5,190,47,N 
7/30/2014,22,28.4,24.5,91,3.9,1.9,3,0,47,N 
7/31/2014,24,27.8,25,91,1.2,1.5,4,180,48,N 
1/8/2014,22,28.8,24.6,91,1.2,5.9,4,200,47,N 
2/8/2014,22,28.6,25.1,91,0.2,5.5,5,170,47,N 
3/8/2014,22,26.4,24,91,15.1,0.2,3,0,48,N 
4/8/2014,22,27,24.6,91,2.8,0.7,6,140,45,N 
5/8/2014,21,27,23.5,91,0,1.1,5,170,47,N 
6/8/2014,21,28.4,24.4,91,8.4,6.6,3,170,46,N 
7/8/2014,23,28,25.1,91,1.2,3.1,4,30,46,N 
8/8/2014,22,29.2,24.9,91,8,6.7,4,190,45,N 
9/8/2014,22,26.4,24.7,91,1.6,0,5,190,47,N 
10/8/2014,22,29,24.3,91,4.4,2.3,4,0,46,N 
11/8/2014,22,27,23.7,91,0.2,1.2,8,160,47,N 
12/8/2014,22,27.6,24.2,91,2.2,3.9,6,0,47,N 
8/13/2014,23,26.6,24.4,91,1,0.3,7,180,48,N 
8/14/2014,23,26.4,24.3,91,10,0.2,6,50,48,N 
8/15/2014,22,27.6,24.2,91,33.8,3.5,5,190,46,N 
8/16/2014,24,26.4,24,91,7.2,0.3,8,180,48,N 
8/17/2014,23,24.6,23.5,91,28.6,0,6,150,49,N 
8/18/2014,23,26.8,24.1,91,24.4,0,6,0,47,N 
8/19/2014,23,27.2,24.2,91,6.6,1.8,8,200,48,N 
8/20/2014,22,27.4,24,91,6.4,1.5,7,180,49,N 
8/21/2014,23,25.4,24.3,91,0.8,0.2,7,180,48,N 
8/22/2014,23,26.6,23.9,91,1.6,1.8,5,180,47,N 
8/23/2014,22,26.2,23.3,91,0.2,0.5,6,170,48,N 
8/24/2014,23,25.6,23.7,91,23,0.4,4,160,48,N 
8/25/2014,21,27.4,24.8,91,1,1.7,4,0,44,N 
8/26/2014,23,25.2,24.2,91,0.4,0,5,200,47,N 
8/27/2014,22,27.8,24.7,91,39,4.4,4,250,45,N 
8/28/2014,22,27,24.2,91,0,0.7,5,190,47,N 
8/29/2014,22,27.2,23.7,91,0.3,0,5,170,48,N 
8/30/2014,22,27.2,24.4,91,3.2,2.8,4,170,47,N 
8/31/2014,22,26.2,23.3,91,0,2,7,170,47,N 
1/9/2014,22,24.8,23.3,91,38.6,0,7,200,49,N 
2/9/2014,22,25.6,23.4,91,0.2,0,3,300,47,N 
3/9/2014,23,27.8,24.7,91,0,0.4,3,340,44,N 
4/9/2014,21,28.6,24.6,91,0,3.9,5,290,45,N 
5/9/2014,21,28,24.3,91,0.2,1.9,4,240,45,N 
6/9/2014,22,29,25,91,10.6,2.3,4,250,45,N 
7/9/2014,23,28.6,25,91,0.4,5.2,5,290,46,N 
8/9/2014,23,27.6,24.3,91,4,0.1,6,350,47,N 
9/9/2014,22,27.8,24.2,91,5.6,0.6,3,350,45,N 
10/9/2014,23,28,24.9,91,0.8,5.3,4,230,46,N 
11/9/2014,22,28.4,25.8,91,0,1.1,4,270,41,N 
12/9/2014,23,28.2,24.9,91,0,5.4,4,230,46,N 
9/13/2014,20,24.7,23.5,91,0,5.8,4,240,44,N 
9/14/2014,20,28.4,24.3,91,0.9,5.3,5,240,45,N 
9/15/2014,23,28.8,25.2,91,7.4,4.3,4,210,46,N 
9/16/2014,24,28.8,25,91,1.6,0.7,4,300,48,N 
9/17/2014,23,28.8,25.3,91,0,3.6,6,240,46,N 
9/18/2014,24,28,25.5,91,0,1.1,5,280,45,N 
9/19/2014,23,27.2,24.1,91,10.6,0,5,230,48,N 
9/20/2014,22,28.8,24.7,91,8,4.6,3,250,47,N 
9/21/2014,23,28.8,24.8,91,0,1.9,5,250,47,N 
9/22/2014,22,28.4,24.9,91,0,7.8,5,200,46,N 
9/23/2014,21,28.2,25.7,91,0,6,5,270,43,N 
9/24/2014,22,29.4,25.2,91,0,7.1,6,250,44,N 
9/25/2014,22,29.8,25.5,91,1,6.3,8,240,42,N 
9/26/2014,23,27.4,25.4,91,0,0,3,220,46,N 
9/27/2014,24,28.4,25.2,91,6.6,4.1,3,210,48,N 
9/28/2014,24,28,25.6,91,0,3.4,6,250,47,N 
9/29/2014,23,28.2,25.3,91,0,3,6,200,45,N 
9/30/2014,20,29,24,91,0,3.9,5,260,44,N 
1/10/2014,20,29.2,24.7,91,0.1,4.1,12,30,44,SE
2/10/2014,23,29.2,25.6,91,0,7,5,190,42,N 
3/10/2014,20,29,24.1,91,0,7.8,4,200,44,N 
4/10/2014,21,29.2,24.8,91,0,8,4,170,44,N 
5/10/2014,21,29.4,24.6,91,0,8,5,220,44,N 
6/10/2014,22,29.2,25.8,91,0,7,5,220,43,N 
7/10/2014,22,30.4,25.4,91,0,6.1,5,180,45,N 
8/10/2014,23,28.4,25.6,91,0,4.6,6,190,45,N 
9/10/2014,22,29.2,24.5,91,0,4,4,180,45,N 
10/10/2014,24,26.4,25.2,91,1.2,0,3,0,46,N 
11/10/2014,23,30.4,28.4,91,0,5,4,30,44,N 
12/10/2014,22,30.4,26.2,91,0,6.5,4,220,45,N 
10/13/2014,23,31,21,91,0,8,4,30,44,N 
10/14/2014,23,30.8,26.9,91,0,0,5,180,43,N 
10/15/2014,21,30.8,26.5,91,4.5,7.7,5,40,43,N 
10/16/2014,23,29.4,25.9,91,5.5,5.2,4,30,45,N 
10/17/2014,23,29.2,25.6,91,7.6,1.9,4,30,44,N 
10/18/2014,22,29.8,25.5,91,0,8,5,180,45,N 
10/19/2014,24,30.2,26.8,91,0,5,6,180,44,N 
10/20/2014,24,29.6,25.7,91,3.2,2.2,4,20,43,N 
10/21/2014,24,28.2,25.8,91,9.8,0,4,30,45,N 
10/22/2014,22,30,26.1,91,0,8,4,30,44,N 
10/23/2014,22,30.2,25.9,91,0,7.2,5,230,45,N 
10/24/2014,23,30,26.6,91,0,6.4,6,30,43,N 
10/25/2014,22,30,25.5,91,0.3,5,5,170,44,N 
10/26/2014,24,29.6,26,91,1,1.2,3,30,45,N 
10/27/2014,23,31,26.2,91,0,5.6,4,220,44,N 
10/28/2014,22,30.6,26.3,91,0,6.7,4,200,42,N 
10/29/2014,23,31.4,26.6,91,0,8,4,190,42,N 
10/30/2014,23,30.4,26.7,91,0,8,5,30,41,N 
10/31/2014,22,30.6,26,91,0,8,4,30,42,N 
1/11/2014,21,30.4,25.1,91,0,7.8,5,210,42,N 
2/11/2014,22,31,27,91,0.4,7.8,3,280,42,N 
3/11/2014,24,31,26.5,91,2,4,6,230,46,N 
4/11/2014,24,31.2,27.1,91,0,6.7,4,240,42,N 
5/11/2014,24,30.2,26.2,91,8.2,0.7,6,350,46,N 
6/11/2014,23,30,26,91,0.4,2.5,3,360,46,N 
7/11/2014,23,30.2,26.1,91,0,2.5,5,200,44,N 
8/11/2014,22,31,26,91,0,7.8,4,240,43,N 
9/11/2014,23,31.2,27.5,91,11.2,8,4,360,42,N 
10/11/2014,23,29.4,26.1,91,0,1.5,4,350,44,N 
11/11/2014,21,30.4,27.9,91,0,8,5,210,38,N 
12/11/2014,22,31,26.6,91,0,7.3,5,220,42,N 
11/13/2014,31,31,26.3,91,0,5.1,4,220,43,N 
11/14/2014,23,30.6,26.5,91,0,2.7,4,220,44,N 
11/15/2014,23,32,28.2,91,0,8,3,210,41,N 
11/16/2014,24,32.8,27,91,30,4.5,4,220,43,N 
11/17/2014,23,30.4,26.2,91,1.2,1.7,7,280,46,N 
11/18/2014,23,30.6,27.4,91,3.4,5.7,3,350,42,N 
11/19/2014,23,30.2,27,91,5,3.8,4,300,46,N 
11/20/2014,22,30.6,25.4,91,3.2,0.9,4,260,46,N 
11/21/2014,23,30.8,26.4,91,2.2,5.3,5,240,45,N 
11/22/2014,23,31,25.2,91,26.8,4.2,4,360,47,N 
11/23/2014,23,31.2,27.3,91,0,8,4,200,43,N 
11/24/2014,23,32.2,27.6,91,23.4,7.7,4,350,43,N 
11/25/2014,24,30.2,25.9,91,0,0.4,3,230,45,N 
11/26/2014,23,30.4,25.7,91,14.2,3.1,4,220,47,N 
11/27/2014,24,30.4,26.3,91,2.8,5.2,4,230,45,N 
11/28/2014,23,31.4,27.2,91,0,5.8,3,300,43,N 
11/29/2014,23,32,27.1,91,0,6.1,4,260,42,N 
11/30/2014,23,23.2,27,91,31,3.3,6,350,44,N 
1/12/2014,22,28.2,25.4,91,3,0,3,0,46,N 
2/12/2014,23,31.8,27.6,91,0,5.9,3,30,41,N 
3/12/2014,23,32,26.7,91,2,7.5,5,250,44,N 
4/12/2014,24,31,26.3,91,18,1,5,0,44,N 
5/12/2014,23,28,25.1,91,20,0,5,30,46,N 
6/12/2014,23,27.8,24.2,91,16.8,0,3,30,49,N 
7/12/2014,22,26.8,25.1,91,47.2,0,5,0,48,N 
8/12/2014,22,30,26,91,0,6.9,3,30,44,N 
9/12/2014,23,30.6,26.6,91,0,4.4,4,140,43,N 
10/12/2014,24,31.6,27.3,91,4.2,4.7,4,30,43,N 
11/12/2014,23,30.8,25.7,91,0,5.4,3,30,45,N 
12/12/2014,23,31.4,26.9,91,0,7.3,4,30,41,N 
12/13/2014,24,32.2,27.5,91,0,6.5,5,30,42,N 
12/14/2014,23,31,26.9,91,0,3.2,4,30,42,N 
12/15/2014,23,31.4,25.5,91,12,3.3,9,30,46,N 
12/16/2014,23,31.6,27.3,91,0,6.2,4,10,41,N 
12/17/2014,24,31,27.2,91,2,4,4,0,41,N 
12/18/2014,23,21,27,91,0,5.4,3,40,45,N 
12/19/2014,23,30,25.4,91,5.4,1.1,4,30,47,N 
12/20/2014,22,29.4,24.5,91,6.6,1.1,5,0,48,N 
12/21/2014,23,30.6,26.3,91,0,5.1,4,30,44,N 
12/22/2014,23,31,26.6,91,0,4.2,3,200,44,N 
12/23/2014,23,28.6,26.2,91,0,0,2,30,43,N 
12/24/2014,23,31.8,27,91,1.8,5.5,4,40,44,N 
12/25/2014,24,31.4,27.2,91,10.4,6.5,5,220,43,N 
12/26/2014,24,32,27.5,91,26,5,4,10,43,N 
12/27/2014,24,30.4,26.2,91,1.1,1.1,4,0,46,N 
12/28/2014,24,30.2,25.7,91,18.6,1.4,6,30,47,N 
12/29/2014,24,26.6,25.5,91,1.8,0,3,0,49,N 
12/30/2014,23,30,26.1,91,5.4,2.1,4,20,46,N 
12/31/2014,23,29,26.1,91,15.6,0,4,20,45,N 
1/1/2015,23.2,29.8,25.7,87.36,8.9,0.9,6.23,209,5,N 
1/2/2015,23,29.4,25.5,86.56,8,1.2,5.57,206,11,N 
1/3/2015,23.2,29.7,25.6,87.25,8.8,0.9,6.31,201,7,N 
1/4/2015,23,29.6,25.6,86.68,4.4,1.3,5.7,217,9,N 
1/5/2015,23.2,29.4,25.6,87.95,14.9,0.7,5.9,190,7,S 
1/6/2015,23.2,29,25.4,87.29,20.4,0.9,6.1,183,8,N 
1/7/2015,23,29.2,25.1,89.01,6.8,0.7,6.77,189,4,N 
1/8/2015,23.2,30.2,25.7,87.17,0,1.1,6.8,217,4,N 
1/9/2015,23.3,30.5,26,86.56,-1.6,1.3,6.73,227,5,N 
1/10/2015,23.1,29.7,25.5,85.91,1.5,1.7,6.82,222,5,N 
1/11/2015,23.2,29.8,25.6,85.93,7.2,1.6,6.98,224,4,N 
1/12/2015,23.3,30.6,26,86,-3.7,1.5,7.07,240,3,N 
1/13/2015,23.1,30.2,25.7,85.12,-2.3,1.8,6.6,223,7,S 
1/14/2015,23,29.7,25.5,85.81,2.1,1.5,6.31,202,8,N 
1/15/2015,23.4,30.3,26.2,85.76,14.5,1,6.92,289,1,N 
1/16/2015,23.1,29.5,25.4,88.42,8.8,0.7,6.34,191,6,N 
1/17/2015,23.3,30,25.8,87.47,6.5,1.1,6.43,216,3,S 
1/18/2015,23.1,30.1,25.7,87.14,0.1,1.1,6.58,209,5,N 
1/19/2015,22.9,29.6,25.3,87.43,0.7,1.3,6.07,213,6,N 
1/20/2015,23,29.2,25.4,87.58,11.6,0.9,5.58,194,9,N 
1/21/2015,23.2,30.2,25.8,86.23,1.5,1.4,6.63,213,5,N 
1/22/2015,22.9,29.5,25.4,86.86,4.3,1.3,5.69,206,8,N 
1/23/2015,22.9,29.7,25.5,87.13,0.3,1.3,5.77,211,8,N 
1/24/2015,23.1,30.1,25.6,86.3,-3,1.5,7.09,221,4,N 
1/25/2015,23.3,29.8,25.8,86.38,10.9,1,6.24,210,7,N 
1/26/2015,23.2,29.8,25.7,87.33,6.6,1,6.24,195,7,N 
1/27/2015,23.3,29.4,25.6,88.76,17.5,0.3,5.96,192,8,N 
1/28/2015,23.1,29.2,25.5,86.88,14,1,5.51,211,10,S 
1/29/2015,23.2,29.6,25.7,86.78,11.1,1,5.8,210,8,N 
1/30/2015,22.7,29.5,25.2,88.22,-0.5,1.2,5.95,211,4,S 
1/31/2015,23,28.8,25.1,87.1,18.6,1,5.73,200,9,N 
2/1/2015,22.8,29,25.1,88.19,9.2,0.8,5.29,192,10,N 
2/2/2015,23,30.3,25.7,86.85,-5,1.4,6.86,219,3,N 
2/3/2015,22.9,30,25.6,86.49,-2.4,1.6,6.09,231,3,N 
2/4/2015,23.4,29.9,25.9,86.3,11.9,1.1,6.15,215,7,N 
2/5/2015,23,29.4,25.5,87.06,8.7,1.2,5.49,209,7,N 
2/6/2015,22.9,29.7,25.4,86.5,-1.7,1.6,6.17,219,8,S 
2/7/2015,23.1,29.9,25.7,87.71,3.2,1,6.4,203,5,N 
2/8/2015,23.1,29.9,25.7,85.97,2.4,1.5,6.23,214,7,N 
2/9/2015,22.8,29.5,25.4,86.02,3.1,1.6,5.86,204,9,N 
2/10/2015,23.2,30,25.7,86.74,3.9,1.1,6.46,206,6,N 
2/11/2015,23,29.5,25.5,87.14,6.4,1.2,5.58,207,8,N 
2/12/2015,23,29.5,25.5,86.81,5.6,1.2,5.61,205,9,N 
2/13/2015,23.1,29.9,25.6,86.59,1.5,1.3,6.75,205,7,N 
2/14/2015,22.8,29.5,25.4,86.82,2.5,1.3,5.77,210,9,N 
2/15/2015,22.8,29.6,25.4,84.99,-2.9,1.7,6.17,220,11,N 
2/16/2015,22.8,29.6,25.3,87.21,-2.8,1.4,6.25,218,5,N 
2/17/2015,22.9,29,25.3,87.57,11.2,0.9,5.34,194,9,S 
2/18/2015,22.9,29.6,25.5,86.16,2.6,1.4,5.84,215,9,N 
2/19/2015,22.9,29.7,25.5,86.48,-0.5,1.4,5.9,215,9,N 
2/20/2015,22.9,29.4,25.3,86.78,5.3,1.3,5.71,210,7,SW
2/21/2015,22.9,29,25.3,87.56,11.8,0.9,5.39,195,9,N 
2/22/2015,22.9,29.4,25.4,87.13,4.2,1.2,5.66,207,8,SW
2/23/2015,23.1,29.8,25.6,87.22,3.3,1,6.51,202,6,N 
2/24/2015,22.8,30,25.5,85.4,-5.5,1.9,6.29,228,6,S 
2/25/2015,22.8,30.3,25.6,85.09,-8.7,2.1,6.51,243,4,N 
2/26/2015,23.4,31.6,26.9,84.09,3.5,1.1,7.06,381,-2,N 
2/27/2015,22.9,31.4,25.9,84.93,-22.5,2.2,7.96,259,1,N 
2/28/2015,22.5,29.7,25.2,85.75,-8.5,1.9,5.98,227,8,N 
3/1/2015,22.9,29.9,25.6,87.05,0.4,1.3,5.89,226,5,N 
3/2/2015,23.1,30.5,25.8,85.38,-5.8,1.8,7.06,229,4,N 
3/3/2015,23.3,30.7,26,86.24,-3,1.4,6.81,232,4,N 
3/4/2015,23,29.9,25.6,86.23,0.5,1.5,5.91,222,8,N 
3/5/2015,23.2,30.4,25.9,86.21,-1.6,1.4,6.86,229,3,N 
3/6/2015,23.3,30.5,26,84.98,-2.3,1.9,6.97,231,4,N 
3/7/2015,22.7,30.1,25.3,86.73,-12,1.7,7.2,230,2,N 
3/8/2015,23.1,29.5,25.6,87.47,10.1,1,5.44,214,7,N 
3/9/2015,22.9,29.4,25.3,86.86,5.3,1.2,5.81,206,9,N 
3/10/2015,23.2,29.3,25.4,89.01,14,0.6,6.37,197,4,N 
3/11/2015,23.2,29.4,25.5,88.26,14.2,0.6,6.15,191,7,N 
3/12/2015,22.9,29.6,25.5,86.85,3,1.2,5.73,214,9,N 
3/13/2015,23,29.3,25.4,88.68,11,0.9,5.68,209,5,N 
3/14/2015,22.9,29.5,25.3,87.69,4.1,1.1,6.11,217,7,N 
3/15/2015,22.9,29.7,25.5,86.81,0.6,1.4,5.87,213,8,N 
3/16/2015,23,29.7,25.3,88,-0.2,1.2,7.36,213,2,N 
3/17/2015,23,28.8,24.9,89.73,12.4,0.6,6.76,185,3,N 
3/18/2015,22.9,28.4,24.9,90.01,23.6,0.1,5.15,171,11,S 
3/19/2015,23.1,29.2,25.3,89.01,14.8,0.4,6.26,187,7,N 
3/20/2015,22.8,29,25.1,88.68,7.5,0.8,5.89,198,7,N 
3/21/2015,23.2,29.2,25.4,88.85,18.2,0.4,6.23,195,5,N 
3/22/2015,23.1,29.6,25.5,87.63,7.8,0.9,6.31,192,7,N 
3/23/2015,22.9,29.7,25.5,87.16,2.1,1.2,5.71,206,9,N 
3/24/2015,22.8,29.3,25.3,87.08,5.6,1.2,5.62,200,8,N 
3/25/2015,23,29.6,25.6,86.7,7.1,1.2,5.67,218,8,N 
3/26/2015,22.9,29.5,25,87.48,-4.1,1.6,7.76,219,-1,N 
3/27/2015,23,29.2,25.4,87.52,10.3,1,5.38,200,8,N 
3/28/2015,23.1,29.4,25.5,86.96,12.3,1,5.48,214,8,N 
3/29/2015,23.1,29.5,25.6,86.91,9.6,1,5.52,216,9,N 
3/30/2015,23.2,30,25.7,86.97,2.5,1.1,6.5,209,5,N 
3/31/2015,22.7,29.3,25.3,86.87,5.6,1.5,5.16,230,7,N 
4/1/2015,22.9,29.3,25.4,87.55,9,1,5.43,197,9,N 
4/2/2015,22.9,29.3,25.4,87.55,9,1,5.43,197,9,N 
4/3/2015,22.9,29.3,25.4,87.55,9,1,5.43,197,9,N 
4/4/2015,22.9,29.3,25.4,87.55,9,1,5.43,197,9,NW
4/5/2015,22.9,29.3,25.4,87.55,9,1,5.43,197,9,N 
4/6/2015,22.9,29.3,25.4,87.55,9,1,5.43,197,9,N 
4/7/2015,22.9,29.3,25.4,87.55,9,1,5.43,197,9,N 
4/8/2015,22.9,29.3,25.4,87.55,9,1,5.43,197,9,N 
4/9/2015,22.9,29.3,25.4,87.55,9,1,5.43,197,9,NW
4/10/2015,22.9,29.3,25.4,87.55,9,1,5.43,197,9,N 
4/11/2015,22.9,29.3,25.4,87.55,9,1,5.43,197,9,N 
4/12/2015,22.9,29.3,25.4,87.55,9,1,5.43,197,9,N 
4/13/2015,22.9,29.3,25.4,87.55,9,1,5.43,197,9,N 
4/14/2015,22.9,29.3,25.4,87.55,9,1,5.43,197,9,N 
4/15/2015,22.9,29.3,25.4,87.55,9,1,5.43,197,9,N 
4/16/2015,22.9,29.3,25.4,87.55,9,1,5.43,197,9,N 
4/17/2015,22.9,29.3,25.4,87.55,9,1,5.43,197,9,N 
4/18/2015,22.9,29.3,25.4,87.55,9,1,5.43,197,9,N 
4/19/2015,22.9,29.3,25.4,87.55,9,1,5.43,197,9,S 
4/20/2015,22.9,29.3,25.4,87.55,9,1,5.43,197,9,N 
4/21/2015,22.9,29.3,25.4,87.55,9,1,5.43,197,9,N 
4/22/2015,22.9,29.3,25.4,87.55,9,1,5.43,197,9,N 
4/23/2015,22.9,29.3,25.4,87.55,9,1,5.43,197,9,N 
4/24/2015,22.9,29.3,25.4,87.55,9,1,5.43,197,9,W 
4/25/2015,22.9,29.3,25.4,87.55,9,1,5.43,197,9,N 
4/26/2015,22.9,29.3,25.4,87.55,9,1,5.43,197,9,W 
4/27/2015,22.9,29.3,25.4,87.55,9,1,5.43,197,9,N 
4/28/2015,22.9,29.3,25.4,87.55,9,1,5.43,197,9,S 
4/29/2015,22.9,29.3,25.4,87.55,9,1,5.43,197,9,N 
4/30/2015,22.9,29.3,25.4,87.55,9,1,5.43,197,9,N 
5/1/2015,23,29,25.3,88,14.6,0.7,5.13,188,11,N 
5/2/2015,23,29.5,25.5,86.72,7,1.1,5.59,210,11,N 
5/3/2015,22.8,28.6,24.8,88.82,10.8,0.8,5.96,191,7,N 
5/4/2015,22.9,29.3,25.4,86.72,6.4,1.2,5.61,206,10,N 
5/5/2015,23.1,29.3,25.5,86.75,13.5,1,5.5,203,10,N 
5/6/2015,23.3,29.2,25.5,88.28,21.1,0.4,5.55,182,8,N 
5/7/2015,23.3,29.8,25.8,87.05,10.6,0.9,6.11,203,7,N 
5/8/2015,23.4,29.7,25.8,87.37,16.1,0.6,5.89,204,8,N 
5/9/2015,22.8,29.1,25.2,87.15,7.8,0.9,5.76,201,10,N 
5/10/2015,23,29,25.3,87.64,14.6,0.7,5.2,193,11,N 
5/11/2015,22.9,28.4,25,89.88,20.9,0.4,5.15,178,7,S 
5/12/2015,22.9,28.7,25.1,88.34,17,0.6,5.27,183,11,N 
5/13/2015,22.8,29.7,25.4,87.78,-0.6,1.1,5.77,211,7,N 
5/14/2015,23.2,29.6,25.6,86.97,9.6,0.9,6.37,201,8,N 
5/15/2015,22.9,29.2,25.3,87.25,8.1,1.1,5.49,199,9,N 
5/16/2015,22.9,29.5,25.4,86.83,2.7,1.2,5.77,211,8,S 
5/17/2015,23.2,29.6,25.6,86.98,11.7,0.8,6.17,201,8,S 
5/18/2015,23,29.1,25.3,89.59,13.5,0.5,5.09,189,6,N 
5/19/2015,22.9,28.4,24.9,89.83,19,0.4,5.5,184,7,N 
5/20/2015,23.1,28.7,25.3,87.21,22.6,0.7,4.93,188,12,N 
5/21/2015,22.8,28.5,24.8,88.95,12,0.8,5.96,190,7,N 
5/22/2015,22.9,29.3,25.3,87.15,5.3,1.1,5.79,207,8,N 
5/23/2015,23.2,29.3,25.5,87.85,17.6,0.5,5.83,188,8,N 
5/24/2015,23.2,29.4,25.5,88.09,12.5,0.6,5.95,184,9,N 
5/25/2015,22.9,29,25.2,87.72,10.7,0.9,5.52,193,10,N 
5/26/2015,23,29.2,25.4,87.59,12.8,0.9,5.22,194,11,S 
5/27/2015,22.8,28.8,25.1,87.98,10.5,0.8,5.55,188,10,N 
5/28/2015,23.3,29.9,25.8,88.14,11.1,0.6,5.99,206,7,N 
5/29/2015,23,29.2,25.4,87.36,11,0.9,5.31,196,12,N 
5/30/2015,22.9,29.5,25.4,87.19,2.6,1.2,5.68,204,9,S 
5/31/2015,22.8,29.1,25.2,87.19,8.4,1,5.51,195,10,N 
6/1/2015,23.3,29.6,25.7,87.65,12.5,0.8,6.02,198,7,NW
6/2/2015,23.1,29.4,25.5,87.86,12.3,0.7,5.89,207,7,N 
6/3/2015,22.6,27.9,24.2,91.68,14.9,0.4,6.73,188,1,N 
6/4/2015,22.9,28.8,25.2,88.64,14.8,0.6,5.36,188,9,N 
6/5/2015,22.9,29.1,25.3,89.31,10.9,0.6,5.41,188,9,N 
6/6/2015,23,29.1,25.4,87.79,12.9,0.8,5.18,186,11,N 
6/7/2015,22.9,29.1,25.3,87.85,9.7,1,5.49,190,10,N 
6/8/2015,23,29.1,25.3,89.14,12.7,0.6,5.39,196,7,N 
6/9/2015,23.3,29.7,25.7,86.02,13.3,0.9,6.23,198,12,N 
6/10/2015,23,29.1,25.4,87.96,14.9,0.8,5.21,190,10,N 
6/11/2015,23.2,29.9,25.7,87.62,7.1,0.8,6.22,199,7,N 
6/12/2015,22.8,28.9,25.1,87.93,7.9,0.8,5.6,190,10,N 
6/13/2015,22.9,28.6,25,88.68,17.6,0.5,5.29,179,11,N 
6/14/2015,23,29.2,25.4,88.31,12,0.7,5.17,188,10,N 
6/15/2015,23.1,29.2,25.4,86.68,14.3,1.1,5.52,202,11,N 
6/16/2015,23,29.4,25.5,87.98,10.2,0.7,5.56,208,10,N 
6/17/2015,23,29.2,25.4,87.51,11.7,0.9,5.3,193,11,S 
6/18/2015,23.3,29.5,25.8,88.42,18.9,0.4,5.11,219,8,N 
6/19/2015,23.3,29.8,25.8,87.84,13.2,0.4,5.97,194,11,N 
6/20/2015,22.8,29.5,25.4,87.72,4.2,1,5.62,201,9,N 
6/21/2015,22.6,28.3,24.4,91.17,11.2,0.5,6.36,183,3,S 
6/22/2015,23.2,29.6,25.5,88.31,11.7,0.5,5.97,183,9,NW
6/23/2015,22.9,29.1,25.3,88.01,12,0.8,5.22,187,10,N 
6/24/2015,23,29.3,25.4,87.98,9.6,0.9,5.3,192,10,N 
6/25/2015,23.1,29.4,25.6,88.31,11.9,0.7,5.2,200,9,N 
6/26/2015,22.9,29.1,25.3,87.98,12,0.8,5.38,191,10,N 
6/27/2015,23,28.9,25.3,88.44,18,0.7,5.4,196,8,N 
6/28/2015,23.3,29.4,25.7,88.18,21.6,0.3,5.57,186,10,S 
6/29/2015,22.9,29.4,25.4,88.42,6.7,0.8,5.37,192,9,N 
6/30/2015,23,29.2,25.4,87.86,10.7,0.8,5.32,196,10,N 
7/1/2015,22.9,29.3,25.4,87.55,9,1,5.43,197,9,N 
7/2/2015,22.9,29.3,25.4,87.55,9,1,5.43,197,9,N 
7/3/2015,22.9,29.3,25.4,87.55,9,1,5.43,197,9,S 
7/4/2015,22.9,29.3,25.4,87.55,9,1,5.43,197,9,N 
7/5/2015,22.9,29.3,25.4,87.55,9,1,5.43,197,9,N 
7/6/2015,22.9,29.3,25.4,87.55,9,1,5.43,197,9,N 
7/7/2015,22.9,29.3,25.4,87.55,9,1,5.43,197,9,N 
7/8/2015,22.9,29.3,25.4,87.55,9,1,5.43,197,9,S 
7/9/2015,22.9,29.3,25.4,87.55,9,1,5.43,197,9,N 
7/10/2015,22.9,29.3,25.4,87.55,9,1,5.43,197,9,N 
7/11/2015,22.9,29.3,25.4,87.55,9,1,5.43,197,9,N 
7/12/2015,22.9,29.3,25.4,87.55,9,1,5.43,197,9,N 
7/13/2015,22.9,29.3,25.4,87.55,9,1,5.43,197,9,N 
7/14/2015,22.9,29.3,25.4,87.55,9,1,5.43,197,9,N 
7/15/2015,22.9,29.3,25.4,87.55,9,1,5.43,197,9,N 
7/16/2015,22.9,29.3,25.4,87.55,9,1,5.43,197,9,N 
7/17/2015,22.9,29.3,25.4,87.55,9,1,5.43,197,9,N 
7/18/2015,22.9,29.3,25.4,87.55,9,1,5.43,197,9,N 
7/19/2015,22.9,29.3,25.4,87.55,9,1,5.43,197,9,N 
7/20/2015,22.9,29.3,25.4,87.55,9,1,5.43,197,9,N 
7/21/2015,22.9,29.3,25.4,87.55,9,1,5.43,197,9,N 
7/22/2015,22.9,29.3,25.4,87.55,9,1,5.43,197,9,N 
7/23/2015,22.9,29.3,25.4,87.55,9,1,5.43,197,9,N 
7/24/2015,22.9,29.3,25.4,87.55,9,1,5.43,197,9,N 
7/25/2015,22.9,29.3,25.4,87.55,9,1,5.43,197,9,S 
7/26/2015,22.9,29.3,25.4,87.55,9,1,5.43,197,9,N 
7/27/2015,22.9,29.3,25.4,87.55,9,1,5.43,197,9,S 
7/28/2015,22.9,29.3,25.4,87.55,9,1,5.43,197,9,N 
7/29/2015,22.9,29.3,25.4,87.55,9,1,5.43,197,9,N 
7/30/2015,22.9,29.3,25.4,87.55,9,1,5.43,197,9,N 
7/31/2015,22.9,29.3,25.4,87.55,9,1,5.43,197,9,N 
8/1/2015,23.2,29.2,25.4,88.42,18.2,0.3,5.64,167,12,N 
8/2/2015,23.1,29.6,25.5,87.39,7.8,0.9,6.26,187,7,N 
8/3/2015,22.9,29.4,25.3,87.83,3.7,1,5.81,201,9,N 
8/4/2015,22.7,28.9,25,88.44,7.4,0.9,5.85,192,7,N 
8/5/2015,22.9,29.2,25.3,88.03,11.8,0.8,5.16,196,11,NE
8/6/2015,22.6,28,24.3,90.99,14.1,0.6,6.01,180,2,N 
8/7/2015,22.7,28.6,24.9,89.12,14.4,0.5,5.13,178,10,N 
8/8/2015,23.1,29.3,25.6,88.41,17.8,0.4,5.15,203,11,N 
8/9/2015,23,29.1,25.3,87.92,13.9,0.7,5.2,190,11,S 
8/10/2015,23.2,29.3,25.5,88.65,17.9,0.4,5.87,186,6,N 
8/11/2015,23.3,29.8,25.7,88.48,10.9,0.5,6.04,195,7,N 
8/12/2015,23,29.1,25.3,88.76,12.5,0.8,5.34,188,9,N 
8/13/2015,22.9,29.2,25.3,87.95,10.4,0.8,5.35,188,11,S 
8/14/2015,23.1,29.6,25.6,87.57,10.2,0.8,5.38,209,11,N 
8/15/2015,22.7,29.8,25.4,86.5,-4.6,1.4,6.18,220,9,N 
8/16/2015,22.6,28.3,24.5,89.98,8.6,0.7,6.45,188,4,N 
8/17/2015,22.9,28.9,25.2,87.4,15.1,0.8,5.33,179,13,N 
8/18/2015,22.9,28.4,25,89.26,22.9,0.3,4.74,173,12,N 
8/19/2015,22.9,29.3,25.4,88.13,7.8,0.8,5.44,200,9,N 
8/20/2015,22.9,29.3,25.3,87.84,7.6,0.9,5.56,199,9,W 
8/21/2015,22.9,29.2,25.4,87.11,9.5,1,5.53,200,10,N 
8/22/2015,22.9,29.1,25.3,88.04,11.2,0.9,5.37,194,7,S 
8/23/2015,22.6,28.4,24.5,91.11,9.7,0.5,6.4,189,2,N 
8/24/2015,22.9,28.5,25,88.19,21.6,0.6,5.56,178,11,N 
8/25/2015,23,29,25.4,88.5,17.5,0.5,5.09,187,11,SW
8/26/2015,23,29,25.4,88.16,16.7,0.7,5.01,185,10,N 
8/27/2015,23,29.2,25.4,87.69,13.8,0.9,5.26,192,10,N 
8/28/2015,22.9,29.1,25.3,88.35,12.5,0.7,5.19,185,9,N 
8/29/2015,23.1,29.3,25.3,89.27,12.1,0.5,6.45,191,4,N 
8/30/2015,23.3,29.8,25.8,87.54,12.7,0.7,6.07,201,8,W 
8/31/2015,23.1,29.5,25.4,88.36,8.2,0.9,6.5,188,6,N 
9/1/2015,22.9,29.3,25.4,87.55,9,1,5.43,197,9,N 
9/2/2015,22.9,29.3,25.4,87.55,9,1,5.43,197,9,N 
9/3/2015,22.9,29.3,25.4,87.55,9,1,5.43,197,9,N 
9/4/2015,22.9,29.3,25.4,87.55,9,1,5.43,197,9,N 
9/5/2015,22.9,29.3,25.4,87.55,9,1,5.43,197,9,N 
9/6/2015,22.9,29.3,25.4,87.55,9,1,5.43,197,9,N 
9/7/2015,22.9,29.3,25.4,87.55,9,1,5.43,197,9,N 
9/8/2015,22.9,29.3,25.4,87.55,9,1,5.43,197,9,N 
9/9/2015,22.9,29.3,25.4,87.55,9,1,5.43,197,9,N 
9/10/2015,22.9,29.3,25.4,87.55,9,1,5.43,197,9,N 
9/11/2015,22.9,29.3,25.4,87.55,9,1,5.43,197,9,N 
9/12/2015,22.9,29.3,25.4,87.55,9,1,5.43,197,9,N 
9/13/2015,22.9,29.3,25.4,87.55,9,1,5.43,197,9,N 
9/14/2015,22.9,29.3,25.4,87.55,9,1,5.43,197,9,N 
9/15/2015,22.9,29.3,25.4,87.55,9,1,5.43,197,9,NW
9/16/2015,22.9,29.3,25.4,87.55,9,1,5.43,197,9,S 
9/17/2015,22.9,29.3,25.4,87.55,9,1,5.43,197,9,N 
9/18/2015,22.9,29.3,25.4,87.55,9,1,5.43,197,9,N 
9/19/2015,22.9,29.3,25.4,87.55,9,1,5.43,197,9,N 
9/20/2015,22.9,29.3,25.4,87.55,9,1,5.43,197,9,N 
9/21/2015,22.9,29.3,25.4,87.55,9,1,5.43,197,9,N 
9/22/2015,22.9,29.3,25.4,87.55,9,1,5.43,197,9,N 
9/23/2015,22.9,29.3,25.4,87.55,9,1,5.43,197,9,S 
9/24/2015,22.9,29.3,25.4,87.55,9,1,5.43,197,9,N 
9/25/2015,22.9,29.3,25.4,87.55,9,1,5.43,197,9,N 
9/26/2015,22.9,29.3,25.4,87.55,9,1,5.43,197,9,N 
9/27/2015,22.9,29.3,25.4,87.55,9,1,5.43,197,9,N 
9/28/2015,22.9,29.3,25.4,87.55,9,1,5.43,197,9,N 
9/29/2015,22.9,29.3,25.4,87.55,9,1,5.43,197,9,N 
9/30/2015,22.9,29.3,25.4,87.55,9,1,5.43,197,9,N 
10/1/2015,22.9,29.3,25.4,87.8,9,0.9,5.39,197,9,N 
10/2/2015,23,29.2,25.4,87.74,13.6,0.9,5.22,192,9,S 
10/3/2015,23,29.1,25.3,88.26,15.3,0.8,5.38,200,8,S 
10/4/2015,23.2,29.6,25.6,87.76,10.7,0.6,6.07,190,8,N 
10/5/2015,22.9,29.3,25.3,86.52,5.8,1.3,5.68,200,11,N 
10/6/2015,23.2,29.8,25.6,87.76,5.9,0.9,6.63,210,5,N 
10/7/2015,23.2,29.6,25.7,87.21,12.3,0.7,6.08,196,9,N 
10/8/2015,23.2,29.7,25.7,87.57,10.9,0.8,6.07,192,8,N 
10/9/2015,23.1,29.7,25.7,87.11,9.2,1.1,5.55,220,8,N 
10/10/2015,23.2,29.2,25.4,88.32,18.4,0.6,6.16,190,7,W 
10/11/2015,23,29.8,25.6,86.73,2.1,1.4,5.74,208,10,N 
10/12/2015,22.9,29.3,25.4,87.67,9.5,0.9,5.43,203,8,N 
10/13/2015,23.2,29.8,25.7,86.52,7.4,1.1,6.32,203,8,N 
10/14/2015,23,29.8,25.6,86.76,0.5,1.4,5.8,213,8,N 
10/15/2015,22.9,29.9,25.6,85.65,-3,1.7,6.1,220,9,N 
10/16/2015,22.8,30,25.5,86.66,-7.4,1.7,6.18,220,6,N 
10/17/2015,23.2,30.3,25.8,85.94,-2.4,1.5,6.84,219,5,N 
10/18/2015,22.9,29.9,25.6,86.48,-1.9,1.5,5.98,222,8,S 
10/19/2015,23.5,31.1,26.4,85.61,0.3,1.3,6.91,273,3,N 
10/20/2015,23.2,29.8,25.6,87.46,6.7,0.9,6.33,201,7,N 
10/21/2015,23.1,29.5,25.4,88.72,8.7,0.9,6.47,193,3,N 
10/22/2015,22.9,29.9,25.5,86.98,-1.6,1.4,5.9,216,7,N 
10/23/2015,22.9,29.6,25.4,87.38,2,1.2,6.05,218,7,N 
10/24/2015,23.1,29.5,25.4,87.44,7.2,0.8,6.37,190,8,N 
10/25/2015,23.3,29.9,25.9,86.73,10.4,1,5.79,243,7,NW
10/26/2015,23.3,30.3,25.9,86.49,2.9,1.2,6.5,218,6,N 
10/27/2015,23.1,29.4,25.3,87.74,7.4,1,6.81,203,5,N 
10/28/2015,23.2,29.5,25.6,88.27,12.5,0.7,6.02,191,6,N 
10/29/2015,23,29.5,25.4,87.57,6.7,0.9,5.56,206,9,N 
10/30/2015,23.3,29.9,25.8,87.9,11.1,0.8,6.07,207,5,S 
10/31/2015,23.1,29.8,25.7,86.99,5.3,1.1,5.63,217,9,S 
11/1/2015,22.8,29.7,25.4,86.9,-2.7,1.4,5.92,207,9,N 
11/2/2015,22.9,29.6,25.5,87.19,3.4,1.2,5.72,212,8,S 
11/3/2015,22.8,28.5,24.8,89.69,15.9,0.6,5.82,186,5,S 
11/4/2015,22.8,29.7,25.4,87.01,-1.1,1.3,5.88,213,8,S 
11/5/2015,23,29,25.3,88.35,15.6,0.7,5.06,186,9,N 
11/6/2015,23.2,30.1,25.8,86.52,2.4,1.2,6.53,208,7,N 
11/7/2015,23,29.3,25.4,87.86,10.1,0.9,5.69,209,7,N 
11/8/2015,22.9,29.7,25.5,86.58,1.4,1.3,5.82,216,9,N 
11/9/2015,22.9,29.5,25.4,86.73,3.6,1.2,5.93,203,9,N 
11/10/2015,23.4,30.8,26.6,86.27,15.5,0.5,5.55,316,4,N 
11/11/2015,22.8,29.5,25.3,87.87,0.9,1.2,6.04,213,6,N 
11/12/2015,22.8,28.9,25,88.76,8,0.9,6.05,199,7,NW
11/13/2015,23.2,29.7,25.7,86.66,8.5,1,6.3,199,9,S 
11/14/2015,22.9,29.1,25.3,87.41,10.8,1,5.36,194,10,N 
11/15/2015,23.1,29.1,25.5,88.17,19.8,0.7,4.96,197,8,N 
11/16/2015,23,28.7,25.1,88.76,20,0.6,5.11,182,8,N 
11/17/2015,22.9,29,25.3,88.21,15.1,0.7,5.09,183,10,N 
11/18/2015,23.1,29.6,25.4,87.08,4.8,1.2,6.75,202,5,N 
11/19/2015,23.3,30.2,25.9,86.6,3.4,1.3,6.49,216,5,N 
11/20/2015,22.9,29.5,25.5,87.23,4.7,1.1,5.66,209,10,N 
11/21/2015,22.7,28.9,25.1,87.27,9.9,1.1,4.9,200,11,N 
11/22/2015,23.1,29.2,25.3,88.34,13.8,0.8,6.36,188,4,N 
11/23/2015,23,29.3,25.4,87.68,9.9,1.1,5.46,198,8,N 
11/24/2015,22.9,29.5,25.5,87.1,4.1,1.2,5.63,207,9,N 
11/25/2015,22.9,29.5,25.4,86.85,2,1.3,5.74,206,9,N 
11/26/2015,23.2,29.9,25.7,86.82,4.7,1.1,6.39,206,7,N 
11/27/2015,23.2,29.7,25.7,87.32,9.6,0.9,6.14,196,7,N 
11/28/2015,23,29,25.4,88.15,18.1,0.7,4.96,185,9,N 
11/29/2015,22.9,29.3,25.4,87.16,8.2,1.1,5.49,196,10,N 
11/30/2015,23.1,30,25.7,86.4,0.3,1.4,6.64,207,6,N 
12/1/2015,23.2,29.9,25.7,86.84,6.3,1.1,6.34,202,7,N 
12/2/2015,23.2,30.4,25.9,86.19,-3,1.5,6.8,222,5,N 
12/3/2015,23.2,30,25.7,86.3,3.2,1.3,6.6,209,6,N 
12/4/2015,22.7,29.1,24.9,87.86,-0.7,1.4,6.44,205,6,N 
12/5/2015,22.6,28.4,24.9,88.01,15.1,0.8,4.65,191,13,N 
12/6/2015,22.4,28.9,24.9,86.87,0.8,1.5,5.32,212,11,N 
12/7/2015,22.7,28.3,24.8,89.29,17.9,0.7,4.61,189,9,N 
12/8/2015,22.7,28.3,24.9,88.42,20.1,0.8,4.34,185,12,N 
12/9/2015,22.6,29.1,25.1,88.24,5.7,1.2,4.78,204,9,N 
12/10/2015,22.6,29,25.1,86.82,5.5,1.4,4.94,210,11,N 
12/11/2015,22.7,28.7,25.1,87.73,12.5,1,4.64,200,11,N 
12/12/2015,22.2,29,24.7,88.03,-4,1.4,5.53,208,8,N 
12/13/2015,22.2,29.1,24.8,88.36,-2,1.2,5.13,208,7,N 
12/14/2015,22.3,29,24.9,86.57,-1.9,1.6,5.33,217,9,N 
12/15/2015,22.6,29,25.1,88.21,10.1,0.8,4.71,207,11,N 
12/16/2015,23.2,29.9,25.7,86.88,3.9,1.1,6.45,203,7,S 
12/17/2015,23.2,30.3,25.9,86,0.1,1.4,6.69,214,7,N 
12/18/2015,22.9,29.3,25.4,87.13,7.1,1.2,5.5,194,10,N 
12/19/2015,23,29.2,25.1,88.53,8,1,7.21,207,1,S 
12/20/2015,22.8,29.6,25.3,87.52,-2.2,1.4,6.12,210,6,S 
12/21/2015,23.3,30,25.8,86.92,5.8,1.1,6.45,210,6,N 
12/22/2015,23.2,30,25.7,87.06,3.8,1.1,6.42,206,6,N 
12/23/2015,23.2,30.2,25.8,85.66,-0.9,1.6,7.01,231,5,N 
12/24/2015,23.1,29.1,25.1,89.55,13.9,0.6,6.62,192,1,N 
12/25/2015,23.1,29.6,25.5,87.3,8,1.1,6.3,193,5,N 
12/26/2015,23.1,29.1,25.3,89.66,14.9,0.3,6.12,178,7,N 
12/27/2015,23.1,30,25.7,87.23,3,1.1,6.45,203,6,N 
12/28/2015,23.3,30.1,25.8,86.33,5.4,1.2,6.49,214,7,N 
12/29/2015,23.3,29.5,25.7,87.91,18,0.5,5.83,195,8,N 
12/30/2015,23.1,29.7,25.5,87.51,4,1.1,6.63,203,4,N 
12/31/2015,22.5,28,24.5,89.86,16,0.8,5.06,183,8,N 
