Actual,Predicted
0.6,11.986575
2.7,10.624697
8.5,13.060537
0.5,7.3931627
4.2,17.485361
25.2,22.228811
40.6,12.305288
9.7,6.016279
0.0,3.8767314
29.5,6.190438
31.7,9.936288
8.2,1.9533263
1.8,4.06043
1.8,8.655396
33.3,10.730155
16.6,13.362693
8.6,9.227039
0.0,6.384693
18.2,5.3265786
4.4,14.522359
0.0,7.2082744
0.0,8.249602
0.0,5.180761
14.6,4.014721
0.5,14.034094
0.0,11.864238
15.2,19.469654
14.0,14.070473
0.4,13.012601
12.0,4.240001
31.0,19.276966
7.2,12.260404
0.0,2.4168446
0.0,2.1345177
0.0,13.571694
0.0,10.473798
13.5,3.714197
1.4,8.5234165
0.0,7.063845
0.0,8.107801
0.0,9.489574
1.0,9.320063
0.0,9.470134
11.8,8.199014
0.0,7.1111045
0.1,4.1906724
18.0,3.29282
0.0,13.989518
0.0,6.966005
0.2,4.870303
1.2,8.90397
3.1,13.94118
0.3,8.053178
4.6,9.523501
0.0,1.5064384
0.0,-1.5782897
0.0,0.06921322
0.0,-9.037886
0.0,-0.7007459
0.0,4.001388
0.0,1.805331
0.0,2.8443062
0.0,4.905916
1.5,4.0834985
0.0,3.5630403
21.3,-2.1734736
1.8,10.754791
10.0,9.4233265
33.8,15.709458
18.0,17.164557
0.0,6.9489975
27.3,11.062529
28.7,7.2892175
0.8,5.3249364
52.1,5.922836
59.0,16.108662
32.8,24.405264
29.0,18.123188
31.6,10.874024
33.2,19.695288
9.0,12.9734125
0.0,6.953383
0.0,9.810254
0.0,9.474644
58.9,3.3442695
0.0,12.480938
4.0,13.017829
0.0,11.272024
0.0,8.234203
10.5,5.77271
10.5,5.77271
10.5,5.77271
10.5,5.77271
10.5,5.77271
10.5,5.77271
10.5,5.77271
10.5,5.77271
10.5,5.77271
10.5,5.77271
10.5,5.77271
10.5,5.77271
10.5,5.77271
10.5,5.77271
10.5,5.77271
10.5,5.77271
10.5,5.77271
10.5,5.77271
10.5,5.77271
10.5,5.77271
10.5,5.77271
10.5,5.77271
10.5,5.77271
10.5,5.77271
10.5,5.77271
10.5,5.77271
10.5,5.77271
10.5,5.77271
10.5,5.77271
10.5,5.77271
10.5,5.77271
0.0,16.766645
0.0,10.3306675
43.8,13.874575
0.0,9.869248
0.0,15.025596
0.0,22.819523
0.0,13.791375
0.0,17.793676
12.0,12.298672
0.0,16.224922
27.8,20.79592
16.0,18.752625
0.0,4.451846
12.0,13.951489
0.0,11.49779
0.0,7.313092
4.0,15.091862
5.8,14.344309
43.4,19.048182
0.0,22.54228
48.8,14.729719
9.2,9.3471
5.1,20.284435
4.0,16.816772
13.0,13.73547
0.7,14.509298
14.5,14.13957
0.5,13.075851
0.0,13.226533
0.0,7.634976
0.0,12.3342
3.2,15.202354
14.1,13.810212
115.4,16.17842
17.7,16.213148
15.9,16.98582
0.0,15.239845
11.5,12.787302
19.0,13.561017
2.0,17.287884
6.0,16.440432
0.2,11.817156
10.5,12.377365
20.2,19.464285
0.3,14.406576
10.1,15.527899
12.4,11.746846
1.0,14.036192
5.2,16.022703
0.0,16.492344
0.0,8.601557
83.4,13.748162
0.8,16.609022
0.0,14.697158
0.0,12.24734
0.4,12.794
8.2,14.296114
23.2,17.537535
0.0,22.82807
0.0,10.502006
0.0,13.196609
0.0,13.196609
0.0,13.196609
0.0,13.196609
0.0,13.196609
0.0,13.196609
0.0,13.196609
0.0,13.196609
0.0,13.196609
0.0,13.196609
0.0,13.196609
0.0,13.196609
0.0,13.196609
0.0,13.196609
0.0,13.196609
0.0,13.196609
0.0,13.196609
0.0,13.196609
0.0,13.196609
0.0,13.196609
0.0,13.196609
0.0,13.196609
0.0,13.196609
0.0,13.196609
0.0,13.196609
0.0,13.196609
0.0,13.196609
0.0,13.196609
0.0,13.196609
0.0,13.196609
0.0,13.196609
0.0,13.196609
0.0,23.00426
2.2,13.890393
13.0,8.452282
25.8,11.514614
4.2,13.529119
77.6,15.627355
15.4,17.116243
6.6,17.068663
0.0,15.947581
11.0,20.097786
6.4,14.259996
14.9,14.26542
4.0,13.783245
0.0,11.686655
1.3,2.5970216
73.4,12.508458
6.5,18.511372
14.7,23.003832
2.8,10.839863
6.4,11.105204
1.8,12.288472
3.4,13.410748
80.9,12.341538
39.2,23.154953
6.9,18.306519
0.0,17.500107
5.1,14.940006
0.6,14.951321
37.3,15.434155
4.6,15.190895
27.1,13.274441
27.1,13.274441
27.1,13.274441
27.1,13.274441
27.1,13.274441
27.1,13.274441
27.1,13.274441
27.1,13.274441
27.1,13.274441
27.1,13.274441
27.1,13.274441
27.1,13.274441
27.1,13.274437
27.1,13.274437
27.1,13.274441
27.1,13.274441
27.1,13.274441
27.1,13.274441
27.1,13.274441
27.1,13.274441
27.1,13.274441
27.1,13.274441
27.1,13.274441
27.1,13.274441
27.1,13.274441
27.1,13.274441
27.1,13.274441
27.1,13.274441
27.1,13.274441
27.1,13.274441
27.1,13.274441
0.6,11.719492
0.9,15.249886
17.4,15.324109
1.0,15.513612
3.4,10.227629
22.8,9.927208
2.4,15.930692
3.0,14.668424
4.0,9.788479
25.8,20.193737
0.0,6.570204
0.3,11.559388
0.3,12.28844
0.0,4.9882765
0.0,3.117866
0.0,0.06727645
0.0,4.4281187
0.0,3.1899889
1.6,2.4297447
4.2,11.638125
28.0,11.448491
0.0,3.640246
18.8,5.9932075
8.6,13.459307
15.0,9.267928
0.0,7.472817
37.3,7.813847
8.2,15.538595
2.2,9.838901
2.8,12.873838
0.2,7.7300577
0.0,3.9853783
2.0,7.187736
52.2,16.757517
0.0,4.4355197
0.0,16.63909
0.0,8.300419
18.6,11.47998
0.0,5.9649515
0.0,8.964382
0.5,8.100467
18.4,5.3941298
40.8,10.972288
4.2,13.141183
0.8,13.369637
0.0,18.266874
13.6,20.314234
0.0,17.113235
21.8,10.295088
0.0,7.8591695
0.0,8.456726
0.0,11.626807
30.0,17.151443
5.2,11.988947
0.0,8.005775
0.0,6.994169
0.0,9.725195
0.0,13.959785
0.0,18.365988
1.8,11.877468
1.5,6.9470534
1.6,11.032244
0.0,3.4908936
3.8,9.049291
40.0,5.353955
10.8,15.576512
10.0,5.2305646
23.6,16.115196
7.0,18.427618
2.5,7.11454
0.1,7.549905
3.0,12.485085
20.5,2.3581357
0.0,2.8769994
1.4,3.1175659
1.5,10.643563
0.5,9.529047
0.0,6.405589
0.2,10.83033
61.5,11.627312
15.2,3.5365956
6.4,9.822446
0.1,8.950301
8.9,4.560747
51.0,16.170847
4.3,16.017982
27.6,18.349245
0.0,8.750008
3.0,9.682976
4.3,19.082306
15.4,9.217422
48.3,15.577175
18.8,22.229433
2.5,3.6070447
0.0,4.8800898
0.0,6.640863
0.0,3.2174866
5.6,6.249782
12.0,16.340294
0.0,6.1032243
8.0,10.161977
0.0,6.5881834
0.0,10.204093
30.8,8.381204
51.5,19.846548
2.0,2.2217996
26.1,15.328715
0.0,13.804314
28.5,18.129421
0.0,5.2298985
0.4,3.0054045
0.0,3.4657965
0.0,16.459724
9.6,15.118709
0.0,9.533646
0.0,8.486146
20.2,6.500675
3.3,15.489457
5.5,8.800989
0.0,0.7493591
15.3,19.303448
2.5,12.144201
4.0,11.325653
0.0,0.89355475
41.6,9.301517
0.0,12.705916
3.0,12.429897
0.0,5.986753
37.4,10.825487
70.7,13.626543
0.0,12.671228
1.0,5.8630867
2.3,4.413924
2.3,2.2855823
2.0,2.3055594
12.0,13.080281
1.5,14.951387
0.0,12.08763
9.4,11.2257805
0.5,10.732393
13.8,8.152079
0.0,6.400843
58.5,9.577477
2.0,3.1310773
41.3,14.41341
34.3,22.083855
0.0,8.391639
18.0,14.133694
0.0,1.2993989
0.0,7.524322
4.2,9.382007
0.0,14.823844
0.0,13.318121
0.0,24.013521
0.0,8.158339
0.0,10.430655
0.0,7.4162016
0.0,14.085429
0.0,10.893061
2.7,5.4743733
23.0,11.357584
6.8,14.602326
5.0,10.553316
0.0,7.166597
0.0,7.145558
6.3,17.658348
0.0,14.140233
4.6,12.969358
1.2,10.204299
4.6,5.700777
0.0,14.391038
12.5,13.854106
0.0,14.906558
2.4,10.004892
17.0,14.344422
75.0,14.367793
0.0,10.898065
17.3,18.693182
2.0,8.629231
0.0,6.994298
0.0,5.19018
0.0,5.2071357
0.3,9.117899
0.0,9.424973
0.0,1.3240283
46.6,11.061074
0.0,16.019146
0.0,7.205244
6.9,16.783314
16.4,9.851858
0.0,12.080082
0.2,2.2167478
2.0,5.9273133
1.0,12.216286
0.8,9.112217
0.1,9.872268
0.0,11.913615
49.9,10.533657
86.7,21.242968
0.0,6.268406
2.9,11.281476
2.4,13.153838
4.3,7.550041
1.0,11.741304
6.4,13.285531
8.2,11.50201
20.0,14.073532
2.4,15.40373
27.1,18.86344
0.6,10.132123
9.5,15.431722
7.4,13.21291
0.3,14.562416
85.2,21.509993
0.0,8.62732
0.2,10.623246
0.0,10.94898
0.0,8.344843
0.0,11.101253
0.3,17.410938
0.0,18.075468
1.9,14.8615885
1.0,16.94073
0.1,13.674855
0.0,16.391563
46.6,22.071056
0.0,6.1562204
0.0,7.090886
0.0,12.242406
0.7,17.067522
60.0,17.17413
2.0,12.780644
0.0,11.639908
1.2,12.219143
13.2,14.693347
12.6,20.01906
0.0,16.990923
78.3,14.181222
8.9,18.984625
41.0,19.88026
0.0,8.020077
0.0,12.937332
44.6,23.41533
12.0,16.157925
55.0,16.553614
58.0,19.838701
6.0,16.813631
0.0,11.366355
0.0,13.836797
15.2,18.085016
12.0,16.11121
53.6,20.077112
34.6,21.926266
13.2,15.579351
184.0,17.091915
19.5,17.268728
0.0,23.307173
38.0,23.507658
128.6,20.745975
17.8,18.589283
0.0,21.588377
22.4,16.953356
94.0,15.538742
0.0,17.315042
0.0,10.782349
1.6,8.524054
0.0,14.568819
15.0,20.360712
0.0,12.985051
2.9,19.088585
43.2,6.8397393
0.5,12.878289
0.0,14.108059
38.6,7.7757335
2.0,17.103743
1.8,16.049675
16.1,15.276555
1.5,14.956059
3.5,15.128179
6.0,16.442776
0.0,7.240596
1.1,15.630061
0.0,12.438565
0.0,12.486152
0.8,12.371455
10.0,13.100938
22.0,16.559053
0.0,12.522825
15.6,13.986378
1.1,13.080715
46.6,16.005018
42.0,26.368223
46.3,14.037385
55.7,25.99808
4.1,15.7769985
0.0,15.906155
0.8,12.848863
0.5,8.455279
0.0,9.592308
0.0,5.4632277
0.0,6.174189
11.0,15.280944
1.8,15.262578
0.4,14.176313
0.4,11.1668415
0.6,11.22616
1.5,6.1730256
0.0,11.881352
0.3,12.90863
7.3,9.835495
6.5,17.623379
1.8,17.54305
22.8,15.689803
1.0,19.568098
4.5,12.928694
18.0,11.928236
0.0,12.745289
0.0,13.094656
0.0,16.240374
0.5,10.772322
0.0,18.335651
19.9,17.059444
18.9,7.5292816
0.3,10.144731
1.0,19.383099
5.8,9.437006
6.1,14.756989
1.2,12.39856
8.0,14.11831
0.0,17.666113
0.5,18.58637
6.1,20.065435
4.1,20.315489
168.3,16.39196
4.0,15.288809
26.3,15.180689
5.5,14.956111
1.3,19.455585
0.0,14.563433
5.3,14.460739
46.9,21.079582
2.8,16.928862
1.0,19.369268
2.4,15.903408
4.1,18.627228
0.0,14.858828
3.0,16.592535
0.0,6.421061
3.6,17.428694
0.3,13.954752
2.0,13.99471
1.6,13.246446
2.0,12.550452
0.6,15.443785
1.2,14.985932
1.9,17.94952
3.0,13.425203
25.2,13.243699
204.0,20.703043
0.8,20.073143
0.0,13.860829
2.0,11.639164
36.0,13.828118
0.0,15.359752
0.0,10.303892
0.0,11.795435
0.0,19.411076
69.7,20.02073
1.4,13.350877
4.5,19.315798
3.0,7.1884723
0.0,11.47952
2.8,9.82411
0.0,17.395683
28.0,14.869686
0.5,9.625079
0.0,16.419182
0.0,15.069262
5.0,22.43229
22.3,10.169224
0.2,11.543382
2.8,11.532656
27.0,9.836077
0.0,12.28834
8.2,8.39764
0.0,10.651984
14.7,12.4614935
6.4,11.590027
0.8,12.776933
1.3,10.944205
0.0,10.153486
2.0,14.017966
2.8,11.420654
2.2,15.624207
4.6,9.11467
0.0,5.3880253
0.2,3.2524128
0.0,4.745166
6.1,8.896679
9.6,8.584111
47.5,15.194526
0.0,11.827981
6.6,5.529627
24.0,8.488896
0.0,8.479254
0.6,4.93749
0.0,5.68617
0.0,3.8490345
0.0,6.0303154
0.0,3.5947797
0.0,2.0242598
49.6,15.686091
0.0,10.856306
0.0,2.3602529
0.0,3.6716247
0.0,8.768458
0.0,0.88193595
0.0,4.4856973
0.0,3.5654151
29.2,18.917036
0.0,6.751557
0.0,6.9510336
0.0,8.175092
24.4,5.329679
41.5,14.486584
1.9,9.737036
0.0,6.848834
2.5,15.388619
58.7,11.8203
28.7,18.591074
28.5,12.478383
27.7,13.227744
28.8,12.553549
0.0,14.948748
2.7,9.131983
0.8,17.57201
0.0,5.6840568
0.0,0.8581461
0.0,6.2253256
1.5,5.499371
0.0,8.945073
0.0,12.246658
2.8,6.3494153
12.9,15.513343
1.5,9.044883
0.0,2.7542021
3.4,5.255411
9.2,13.516353
0.0,-1.6214142
2.9,6.1145835
0.0,-0.5930654
3.0,1.2418149
30.0,14.239314
24.5,20.319086
1.2,17.360394
21.2,7.4681225
40.4,17.74727
23.8,19.732447
26.7,15.434045
11.0,13.859942
57.6,12.611445
0.2,13.66308
0.3,14.65881
9.0,7.246962
0.8,7.695476
0.0,9.460144
0.0,7.126032
0.0,4.7608128
1.4,4.313076
0.0,16.301598
42.5,6.47926
49.5,11.114177
3.6,17.249388
0.0,8.774906
0.0,9.270458
17.0,13.845453
2.0,10.572414
2.1,5.1052785
3.4,8.006522
0.0,4.5208187
0.0,-1.5088881
0.0,1.3348389
0.0,6.073046
0.0,4.8251643
3.0,1.8931485
0.0,1.4307495
0.0,-4.3528614
0.0,6.761701
13.8,-1.8732756
2.3,8.961414
0.0,3.9601636
40.8,9.353655
0.5,8.726512
0.0,6.1003227
1.6,2.3586624
0.0,5.0869713
0.9,0.4111677
2.8,5.741707
3.3,14.333833
0.6,19.167944
18.6,10.8175745
0.2,9.271301
0.0,6.389756
19.2,10.19344
0.0,9.5371475
1.2,8.642336
38.6,12.463629
6.4,14.048829
0.0,8.065944
16.4,16.508192
0.0,9.85093
16.5,15.167599
0.0,8.123992
0.0,6.965788
39.6,7.998367
0.0,12.939666
5.2,9.170011
0.2,9.265856
62.4,18.379114
10.9,9.586528
7.1,14.966646
26.3,14.756864
5.9,15.924388
4.9,14.537761
3.8,11.959796
13.9,14.8562975
34.6,15.450641
3.1,12.532991
31.9,15.432266
2.7,13.113574
13.4,16.146933
111.4,14.168011
0.5,10.847178
0.5,11.782713
10.3,13.084022
0.4,8.205421
0.0,9.754397
0.0,9.199725
3.0,5.625379
66.0,12.666718
39.2,15.282185
8.8,7.54116
0.3,10.580188
25.9,12.337838
0.3,2.9627512
2.0,16.088203
0.0,8.095905
2.2,10.708939
0.3,7.2415276
1.0,10.262752
0.0,8.7539
5.9,7.3057904
1.5,9.383152
2.6,3.1094747
0.0,10.074126
0.0,7.986779
2.0,5.5758443
0.0,6.8852863
0.0,4.7351413
1.3,10.701987
1.8,11.021433
0.0,9.283515
0.0,7.1658163
0.0,11.71468
4.4,12.947712
0.0,6.065575
0.0,9.395656
0.4,9.528947
9.8,11.631045
0.3,11.748797
2.4,11.154261
9.8,10.670789
2.4,12.497485
27.6,8.033785
0.0,7.9043818
0.0,9.965251
62.4,20.6366
0.0,10.269284
58.6,15.7777605
0.2,12.189678
0.0,14.645628
66.0,15.857691
18.9,11.714852
2.4,12.2837
8.0,12.53216
0.5,12.114012
4.2,13.089961
0.6,11.54104
0.0,13.672922
0.0,8.043981
8.8,14.83827
32.0,13.407257
1.4,12.890069
54.4,13.90997
22.2,8.321587
16.6,8.554169
13.0,13.33781
3.2,16.137558
28.0,13.38547
66.1,17.037218
0.2,10.055642
18.8,14.940831
26.5,20.47366
23.9,13.997391
71.4,17.652649
0.0,16.088978
71.1,14.505907
0.0,12.970894
73.0,16.694193
0.0,7.754039
33.6,16.390564
6.8,16.532358
7.9,11.753271
2.6,16.732128
6.0,15.98286
0.5,13.407596
86.5,19.152023
2.2,19.78598
0.2,15.930147
111.4,8.691514
134.0,22.256153
3.8,17.307394
0.0,13.413494
0.0,10.922827
17.0,10.521893
0.8,13.91957
0.0,11.3416
12.6,10.363203
1.6,14.23744
68.8,20.50284
18.4,23.924606
57.0,11.941838
106.0,21.98353
16.2,18.719183
204.7,20.863464
224.6,21.160744
3.0,17.303057
9.2,16.671507
28.2,15.685241
5.0,11.084297
3.0,14.839467
0.0,14.496297
1.5,13.613633
14.2,15.582677
0.0,11.122764
17.0,16.32914
15.9,18.59927
29.0,18.52308
18.8,22.65205
2.2,17.381563
6.0,22.2205
5.6,16.6374
4.6,17.241964
0.7,18.124613
21.9,21.195171
3.8,10.581145
66.0,17.52089
16.0,17.734564
3.0,19.04476
1.2,18.440573
6.0,19.901175
18.2,16.791473
0.0,11.087515
4.6,12.363362
36.2,15.191091
10.0,16.136751
0.0,4.617105
13.6,8.42762
0.0,10.584801
3.6,11.93806
3.6,9.461624
1.4,12.797983
1.4,14.6092415
1.4,18.330437
0.3,10.114994
4.6,22.367208
17.2,15.501045
17.2,17.11607
0.4,20.988392
6.8,14.265222
6.8,16.622286
2.5,17.401857
15.0,25.845018
9.0,18.371773
4.4,19.40208
0.3,20.82429
24.8,16.76009
9.0,18.788252
9.0,12.038124
48.0,17.46548
48.0,20.926207
9.0,13.963272
14.0,21.729929
3.2,19.673555
5.2,19.6944
8.0,18.262327
1.0,19.026924
80.1,23.149765
8.4,19.443367
108.2,18.659641
28.8,15.576512
3.2,19.496088
6.4,26.562225
95.1,24.23936
19.4,17.16531
0.0,14.687714
0.0,18.340872
50.4,16.411652
2.2,17.269104
0.6,11.685573
30.1,19.434925
17.5,21.103664
3.0,16.331106
16.0,22.478783
6.8,18.84105
0.6,13.1137
0.2,13.0392475
0.2,11.767584
0.0,10.693857
0.0,13.31227
0.0,13.554397
0.0,14.652185
36.0,13.009633
10.0,16.995457
29.0,21.016392
27.0,17.123426
0.0,16.214584
1.4,11.7870655
0.0,14.020654
0.0,8.527794
0.6,14.049761
0.0,5.9378695
0.0,8.208676
0.0,8.308504
0.0,9.062203
0.0,9.654551
0.0,7.7011757
0.0,10.612417
0.0,7.589657
0.0,4.785858
0.0,7.6968384
0.0,11.72891
0.2,11.252174
0.2,9.296166
2.6,13.062714
27.0,10.34202
27.0,15.679376
18.2,5.711315
18.2,11.446385
10.9,9.290253
1.2,2.9447422
0.0,6.629964
20.2,13.609285
5.9,7.621142
0.0,6.9836383
0.0,11.243705
3.6,6.8349304
3.6,8.02772
1.8,15.426298
1.2,9.864502
1.2,11.254571
76.4,15.550672
16.1,10.219635
0.0,10.338979
1.5,12.314225
0.0,6.844412
1.0,6.4790244
4.9,12.329295
1.0,10.033079
66.1,12.747793
0.0,6.424132
0.0,4.4387746
0.0,7.2855945
52.3,8.477232
0.5,19.582733
0.0,7.411739
11.8,5.1292744
6.5,7.8952317
11.7,12.708771
2.0,10.254265
0.9,9.002521
2.5,7.751406
0.0,9.221549
0.0,9.784502
0.0,8.314034
0.0,0.24817137
0.0,9.585232
0.0,10.6741905
0.0,3.0471334
0.0,4.039807
1.8,5.678869
1.5,3.9379864
0.0,3.644635
0.0,6.3934493
0.0,3.3232596
0.0,6.788698
17.0,8.823159
10.0,15.69569
8.0,13.699113
4.0,16.321842
7.0,13.028301
1.0,12.042528
0.0,9.009292
0.0,13.531103
3.0,18.980625
0.0,6.506062
0.0,3.9386437
0.0,7.2533617
0.0,6.0562778
50.0,7.0746226
0.0,9.369565
35.0,4.3568373
4.0,10.883086
22.0,10.526348
43.0,9.55502
0.0,4.315226
0.0,3.917072
0.0,18.401325
84.0,15.467508
37.0,14.879145
22.0,6.027587
0.0,6.659752
11.0,14.295772
8.7,14.470155
20.5,14.275675
7.0,14.216721
1.0,15.564933
1.2,14.245419
10.2,15.1144705
15.4,15.088393
0.0,15.291674
0.0,14.512535
7.4,15.445666
12.2,15.504326
32.8,15.649378
8.4,14.225941
10.8,14.6850815
4.4,14.383994
0.0,13.944914
7.0,14.206871
2.3,13.559345
0.0,12.873378
0.0,13.115794
36.4,15.484251
0.0,14.252511
2.7,13.643757
1.0,14.209758
3.0,13.544896
31.3,13.789187
39.3,13.817149
16.9,14.861066
6.1,14.634784
0.0,14.550431
0.0,13.906778
1.2,14.421584
2.6,16.084625
0.0,14.715532
30.4,14.295528
2.6,15.816363
10.3,15.886275
3.0,16.875181
2.2,14.087384
8.0,14.822809
0.0,26.01464
0.0,14.571179
0.0,12.83631
0.0,15.446016
23.1,12.954604
2.6,15.009648
2.0,13.952359
7.1,12.303064
9.2,14.418683
73.2,15.565212
4.6,15.260023
0.0,16.480978
0.0,14.339282
0.0,14.856254
10.0,13.626642
17.6,12.25885
7.4,15.319897
0.0,14.793375
1.0,12.94252
0.2,14.114079
18.2,13.835887
0.2,14.861048
1.2,13.18331
1.1,14.888733
6.8,14.434954
1.8,14.063403
1.6,14.5426655
1.4,13.703193
19.5,15.253314
18.4,13.177808
22.8,16.574875
8.8,16.146212
0.0,14.447775
0.0,14.62806
0.0,14.376946
0.0,14.419176
0.0,14.873092
0.0,14.843941
0.0,15.173471
0.0,14.153047
0.1,14.363514
0.0,13.932306
0.0,13.937645
1.0,14.760442
0.3,13.730333
0.0,13.859405
0.0,14.032661
1.4,14.368312
45.6,14.460438
0.0,14.317507
0.0,14.265884
72.8,14.457724
3.6,14.3202095
4.4,13.731184
1.2,15.060716
33.6,14.494025
3.0,14.461384
27.8,14.552276
144.2,16.036978
2.2,15.733008
45.0,15.940088
2.2,15.396374
30.0,14.545807
19.2,15.467133
2.8,15.01885
4.6,14.2351055
0.0,15.053896
0.0,14.695026
2.4,14.602683
39.4,14.794299
81.0,15.530461
0.0,15.114474
0.0,14.920675
13.2,14.541573
43.2,15.579076
18.2,14.93586
8.0,15.258882
0.0,14.952941
0.0,14.938095
8.1,14.689205
35.4,15.332309
27.1,14.84369
9.2,15.383493
4.0,14.809525
0.8,15.132369
96.0,16.706306
56.4,15.251031
4.2,15.323568
1.5,15.703482
4.5,15.750042
0.0,15.158964
4.6,15.737876
0.0,16.056608
2.5,16.928833
66.5,16.21766
1.2,14.810058
26.0,17.012802
26.0,15.843449
1.9,15.600182
2.9,15.633195
18.8,15.22632
26.4,15.208223
14.3,15.554166
2.3,15.113826
10.6,15.664139
0.5,15.755885
35.6,15.178101
1.5,14.554747
0.0,16.689388
0.0,16.296816
3.2,15.485668
16.8,15.433643
7.4,16.853277
0.0,15.903356
0.8,15.390276
2.6,15.463941
15.6,15.902097
28.0,15.157775
0.0,15.435396
18.5,15.220422
3.2,15.608488
0.8,15.088015
50.1,15.814846
0.6,15.214822
5.6,16.83082
12.2,15.404117
8.6,15.907749
0.4,15.626887
17.3,15.871632
3.6,14.735297
0.0,14.707597
0.0,18.740128
0.0,14.808581
2.0,15.673513
0.0,15.375456
3.2,12.775644
2.8,15.779116
37.6,16.022924
52.2,16.359573
1.8,16.082302
6.0,15.616312
6.0,15.990228
4.8,16.425692
0.0,16.042435
34.0,15.5398655
6.0,16.181099
1.6,16.160759
1.8,15.721855
37.4,15.08934
14.9,15.7988405
0.0,15.728634
7.8,15.246141
63.3,16.730057
0.0,16.899858
45.6,15.941222
3.2,16.105844
54.6,15.621555
5.8,16.616161
2.4,17.222614
1.8,15.487941
4.6,15.657795
26.8,16.225044
6.6,16.424877
0.6,15.597821
67.6,15.375901
50.2,17.108812
11.2,15.641332
90.8,15.908772
4.4,17.387623
0.0,16.986479
25.4,16.4737
80.0,16.60783
16.4,17.073027
22.3,16.658752
0.0,16.239305
4.0,16.774065
0.0,16.654383
0.0,16.202303
0.0,16.121855
13.5,16.559391
49.3,16.31741
8.0,17.3487
23.8,16.83268
20.9,16.833591
0.0,16.640718
0.0,16.45347
0.0,16.898275
0.0,16.373804
5.5,16.340414
21.3,16.43418
128.3,17.021793
2.5,16.345657
0.0,14.214762
0.0,15.176613
0.0,16.575058
0.0,15.512923
12.5,15.855415
1.5,12.744976
41.7,15.580667
47.6,15.761714
0.6,15.276832
0.0,15.886353
0.0,16.654545
6.4,17.012
95.1,18.972076
19.4,18.082619
0.4,16.896906
0.0,16.186647
50.4,16.223572
2.4,15.7022295
0.0,15.788376
30.1,17.229008
17.5,16.908813
2.3,17.168234
16.0,13.994065
6.8,16.321268
0.6,16.56901
0.2,16.52752
0.2,15.127921
0.0,15.840595
0.0,16.920855
0.0,16.227695
0.0,15.750204
39.9,16.971199
10.0,15.553883
29.0,15.775606
27.0,15.295971
0.0,15.304218
1.4,15.55065
0.0,16.22612
0.0,15.946683
0.6,14.09815
0.0,14.651689
0.0,13.16258
0.0,16.576208
0.0,17.328188
0.0,17.274288
0.0,16.112307
0.0,15.288021
0.0,14.870904
0.0,14.599263
0.0,15.720015
0.0,15.467995
0.0,16.493439
0.0,16.470793
0.0,15.613006
0.0,15.473054
0.0,15.540535
0.0,14.965508
0.0,14.28312
0.0,14.435974
0.0,14.629305
0.0,14.50987
0.0,15.119419
0.0,15.108355
0.0,15.28738
0.0,15.613558
0.0,15.513016
0.0,15.500058
0.0,15.576734
0.0,15.405634
0.0,16.365091
0.0,12.742079
0.0,14.92175
0.0,13.436511
0.0,14.063142
18.8,12.751044
0.0,13.657804
6.0,14.039311
5.9,15.774708
0.0,13.909529
19.8,14.87522
42.8,15.48177
0.2,14.806332
0.0,12.482901
0.0,12.306687
0.6,13.3339615
13.0,14.170872
0.0,13.214968
0.0,13.809516
4.0,13.110956
16.2,13.797652
3.8,14.170706
16.4,16.734007
0.0,13.827695
0.0,13.457815
6.0,14.610548
1.6,13.774923
0.0,12.63578
4.8,13.473092
13.4,12.938536
2.2,15.274931
13.0,13.965761
1.2,13.950536
2.0,13.278458
6.4,12.984673
57.6,13.113435
5.8,13.83201
0.0,14.738206
0.0,12.77123
2.0,12.980777
8.4,13.014247
0.0,12.309228
3.4,14.189079
6.2,14.300234
6.2,13.061841
15.4,13.269459
0.8,12.719025
2.6,15.356386
2.8,12.8665
1.9,12.845666
0.0,13.816085
6.0,13.778487
4.6,14.240194
3.8,15.3840275
0.8,14.201157
4.0,12.705188
0.6,15.403701
0.0,15.019881
0.0,13.436581
4.4,15.746956
9.4,13.838063
0.0,11.7998495
18.1,11.648859
0.0,14.644335
0.0,3.0900443
0.0,2.4016948
0.0,2.677508
0.0,2.3934543
0.0,2.923909
0.0,2.1424396
0.0,3.6839266
0.0,3.1299028
0.0,2.876471
0.0,2.7931457
0.0,2.0819983
0.0,2.9328325
0.0,2.1810849
0.0,2.3650434
0.0,2.3389926
0.0,2.8074174
0.0,3.4634511
0.0,2.2654505
0.0,1.4223545
0.0,3.3898022
0.0,4.0995264
0.0,3.1209812
0.0,3.1645916
0.0,2.3922796
0.0,3.094772
0.0,2.5613275
0.0,2.779708
0.0,4.223918
0.0,3.1920047
0.0,4.6049614
0.0,2.459831
0.0,5.0762486
0.0,4.489451
0.0,4.877943
0.0,4.1480765
0.0,3.6023169
0.0,3.9838724
0.0,6.3463373
0.0,4.022096
0.0,6.192636
0.0,6.2667785
0.0,4.0308337
0.0,5.3081646
0.0,4.7687106
0.0,4.6346536
0.0,5.190456
0.0,4.928557
0.0,5.193059
0.0,5.7977557
0.0,5.0068784
0.0,5.555917
0.0,5.0021987
0.0,4.982956
0.0,4.071981
0.0,4.7682433
0.0,4.368977
0.0,14.763568
0.0,3.6535788
0.0,3.7058053
0.0,2.3841386
2.0,2.3926313
6.4,-0.8135813
57.2,3.580788
5.8,2.2388198
0.0,1.8445451
0.0,3.3927183
2.0,1.5916821
8.4,2.5686255
0.0,2.4106293
3.4,2.8039396
6.2,2.84702
0.0,2.8464124
15.4,2.569358
0.0,3.229214
2.6,2.833919
2.6,2.7170353
3.1,2.6513286
0.0,3.1942065
6.0,12.804398
4.6,2.9430926
3.8,5.00077
0.8,3.2661195
4.0,2.533178
0.6,11.750237
0.0,5.5220675
0.0,12.319372
4.4,23.592548
9.4,33.94821
0.0,33.94821
18.1,33.94821
0.0,4.8755684
0.0,4.6676965
0.0,4.467572
0.0,3.497107
0.0,3.3232708
0.0,4.1147184
0.0,4.220564
0.0,4.9218154
0.0,4.5661874
0.0,4.1087465
0.0,3.6107378
0.0,3.3611152
0.0,4.127041
0.0,3.7970712
0.0,3.4345062
0.0,4.591583
0.0,3.5712955
0.0,4.2156777
0.0,4.1308646
0.0,4.52993
0.0,3.9303994
0.0,4.769252
0.0,3.8346653
0.0,4.7715607
0.0,3.240678
0.0,3.548671
0.0,4.603034
0.0,3.6530871
0.0,3.6533284
0.0,3.8386123
3.4,2.3841386
0.0,2.3926313
0.8,-0.8135813
0.0,3.580788
0.0,2.2388198
5.8,1.8445451
6.2,3.3927183
0.0,1.5916821
7.2,2.5686255
12.4,2.4106293
0.0,2.8039396
19.2,2.84702
0.0,2.766861
0.0,2.5434768
31.0,3.229212
1.2,2.8178082
1.6,2.4094288
0.0,2.4797254
0.4,3.192557
2.8,2.3421261
0.0,2.257245
0.0,2.257722
2.6,3.2661195
0.6,2.170291
0.0,2.1775925
17.9,2.8680186
0.0,2.2373655
3.6,2.1996279
30.6,2.479383
23.0,2.952482
29.6,2.9838312
2.0,3.3447003
1.0,4.4249353
0.0,3.5356972
11.0,3.4393518
0.0,3.220513
7.6,3.7186263
0.0,4.353612
0.0,3.733167
5.0,3.504521
8.8,3.856117
10.2,4.5263014
72.8,4.5973654
42.1,4.9965906
9.8,3.9462361
0.0,4.4479246
29.0,4.3158116
65.8,5.1254854
2.9,4.388529
0.6,4.274725
0.0,4.4477715
63.4,4.8293066
0.4,3.6911967
0.8,4.0636077
0.0,3.993214
0.1,5.13081
0.2,4.123504
1.4,4.507828
9.0,4.006123
0.8,4.6030836
14.7,13.810311
64.8,4.621741
3.0,4.247903
1.0,3.9709759
12.0,4.1965804
3.0,4.3713446
5.0,4.635876
9.6,3.5779417
0.6,3.6078768
15.8,3.0052092
0.8,3.271718
0.0,3.2867262
3.6,3.9676344
0.0,3.8345714
20.6,3.4049318
1.8,3.2236392
2.2,3.1342955
0.0,3.6700542
1.0,4.501068
0.0,3.533591
0.0,4.153156
2.0,5.163006
2.8,4.0219526
24.4,4.1464195
0.8,3.8761735
0.0,3.8657403
7.2,5.1120315
0.6,4.649404
2.0,4.018959
1.0,4.339885
3.9,3.2273526
1.2,3.707663
1.2,3.590144
0.2,3.440114
15.1,3.8583317
2.8,4.662739
0.0,4.799677
8.4,3.7137291
1.2,3.3048015
8.0,3.5535717
1.6,4.73972
4.4,3.2414072
0.2,4.624388
2.2,3.3663988
1.0,4.424282
10.0,3.8396857
33.8,4.449184
7.2,4.506499
28.6,4.94798
24.4,3.7534072
6.6,4.369351
6.4,4.15783
0.8,4.8440866
1.6,4.642629
0.2,4.863211
23.0,4.7774925
1.0,4.1658077
0.4,5.2196107
39.0,4.6658998
0.0,4.652764
0.3,4.4372706
3.2,4.2876844
0.0,4.9743767
38.6,5.346447
0.2,5.9887524
0.0,5.656165
0.0,4.882428
0.2,4.9876103
10.6,4.430477
0.4,4.282198
4.0,5.4549212
5.6,5.7614427
0.8,4.067264
0.0,5.3681936
0.0,3.9964135
0.0,5.894491
0.9,4.611823
7.4,3.7644389
1.6,4.158029
0.0,4.0221252
0.0,4.694184
10.6,4.590274
8.0,3.9925382
0.0,4.136233
0.0,3.504613
0.0,4.650645
0.0,3.904288
1.0,4.151922
0.0,4.46139
6.6,3.4586866
0.0,4.005935
0.0,4.186707
0.0,4.9843516
0.1,3.5601313
0.0,3.753008
0.0,3.9782002
0.0,3.4931397
0.0,3.7675207
0.0,3.7976217
0.0,3.150887
0.0,3.840028
0.0,3.9496586
1.2,3.7450194
0.0,1.9966
0.0,3.1087897
0.0,3.0357687
0.0,3.29217
4.5,2.3656123
5.5,2.675855
7.6,3.2614927
0.0,3.0017867
0.0,2.9781938
3.2,3.1417665
9.8,3.2784672
0.0,2.329003
0.0,3.2073736
0.0,2.5183504
0.3,3.4932299
1.0,2.7627685
0.0,3.1171665
0.0,3.3776312
0.0,2.7257414
0.0,2.4795928
0.0,2.516837
0.0,3.682704
0.4,3.3397665
2.0,2.8552015
0.0,3.037409
8.2,4.1393003
0.4,4.277636
0.0,3.5577915
0.0,3.209375
11.2,3.5703106
0.0,4.8038783
0.0,3.6585238
0.0,3.219355
0.0,2.4962118
0.0,3.418979
0.0,2.4378712
30.0,2.5567286
1.2,3.676901
3.4,4.023606
5.0,3.486232
3.2,3.7586377
2.2,3.1304073
26.8,3.9271243
0.0,2.513814
23.4,3.1011107
0.0,3.538072
14.2,3.1422672
2.8,3.108889
0.0,3.3437173
0.0,3.1005142
31.0,6.391336
3.0,3.3248835
0.0,2.2197266
2.0,2.6498263
18.0,2.2842033
20.0,3.4252017
16.8,3.1555429
47.2,3.4318147
0.0,2.5362084
0.0,3.0310004
4.2,1.9867486
0.0,2.296866
0.0,2.284844
0.0,1.7384571
0.0,2.6813228
12.0,2.097441
0.0,2.2342708
2.0,2.5331266
0.0,4.8558583
5.4,2.500253
6.6,2.7185228
0.0,2.4156792
0.0,3.0424829
0.0,3.6083887
1.8,1.8924232
10.4,2.725073
26.0,1.7287124
1.1,2.1382864
18.6,2.2197597
1.8,3.0102057
5.4,2.457467
15.6,3.013468
8.9,10.4912615
8.0,8.044175
8.8,9.777307
4.4,8.677095
14.9,10.580206
20.4,9.745464
6.8,12.855947
0.0,10.4593935
-1.6,9.342321
1.5,9.067609
7.2,9.346279
-3.7,9.405841
-2.3,7.495506
2.1,8.050368
14.5,10.148589
8.8,11.399
6.5,11.117583
0.1,10.133474
0.7,10.402107
11.6,9.724609
1.5,9.134792
4.3,9.217105
0.3,9.393473
-3.0,9.61766
10.9,8.851853
6.6,9.752714
17.5,11.129093
14.0,8.751369
11.1,9.047471
-0.5,11.943786
18.6,9.484085
9.2,10.209273
-5.0,10.406191
-2.4,10.227326
11.9,8.703006
8.7,9.747545
-1.7,8.786493
3.2,10.765889
2.4,8.411182
3.1,8.068569
3.9,9.443516
6.4,9.46862
5.6,8.839059
1.5,9.013615
2.5,8.898097
-2.9,6.5556264
-2.8,10.511204
11.2,9.833057
2.6,8.202037
-0.5,8.466631
5.3,9.52746
11.8,9.825174
4.2,9.5325
3.3,10.021782
-5.5,8.222023
-8.7,8.428467
3.5,9.283367
-22.5,8.750744
-8.5,8.172783
0.4,10.212587
-5.8,8.525817
-3.0,9.281817
0.5,8.433228
-1.6,9.703084
-2.3,8.060336
-12.0,10.804975
10.1,10.126559
5.3,8.9890995
14.0,12.764562
14.2,10.93124
3.0,8.885655
11.0,12.11329
4.1,10.42603
0.6,9.073964
-0.2,12.211152
12.4,14.165949
23.6,12.033098
14.8,11.850324
7.5,11.653012
18.2,12.34141
7.8,10.192987
2.1,9.117508
5.6,9.53707
7.1,9.022875
-4.1,12.796183
10.3,9.987435
12.3,9.383605
9.6,8.971083
2.5,9.9926605
5.6,9.719447
9.0,9.670317
9.0,9.670317
9.0,9.670317
9.0,9.670317
9.0,9.670317
9.0,9.670317
9.0,9.670317
9.0,9.670317
9.0,9.670317
9.0,9.670317
9.0,9.670317
9.0,9.670317
9.0,9.670317
9.0,9.670317
9.0,9.670317
9.0,9.670317
9.0,9.670317
9.0,9.670317
9.0,9.670317
9.0,9.670317
9.0,9.670317
9.0,9.670317
9.0,9.670317
9.0,9.670317
9.0,9.670317
9.0,9.670317
9.0,9.670317
9.0,9.670317
9.0,9.670317
9.0,9.670317
14.6,9.639973
7.0,8.191878
10.8,11.998774
6.4,8.564383
13.5,8.565583
21.1,10.71641
10.6,9.490437
16.1,9.57195
7.8,9.141081
14.6,9.30824
20.9,13.155852
17.0,10.142293
-0.6,10.416968
9.6,9.226539
8.1,9.431387
2.7,9.223228
11.7,9.260664
13.5,12.854227
19.0,13.139592
22.6,8.674223
12.0,12.160966
5.3,9.630665
17.6,10.260491
12.5,10.1062565
10.7,9.688138
12.8,9.1303625
10.5,10.051117
11.1,10.589341
11.0,8.615877
2.6,9.236587
8.4,9.146884
12.5,10.176116
12.3,10.592861
14.9,17.654402
14.8,11.018778
10.9,11.548876
12.9,9.347203
9.7,9.721373
12.7,12.048177
13.3,7.056735
14.9,9.832406
7.1,10.052719
7.9,9.973768
17.6,10.545097
12.0,10.152131
14.3,8.242533
10.2,9.790537
11.7,9.0480385
18.9,10.798049
13.2,9.069067
4.2,9.786932
11.2,16.122292
11.7,10.26699
12.0,9.912932
9.6,9.768569
11.9,10.364717
12.0,9.89221
18.0,11.069123
21.6,9.879521
6.7,10.506166
10.7,9.7186365
9.0,9.670317
9.0,9.670317
9.0,9.670317
9.0,9.670317
9.0,9.670317
9.0,9.670317
9.0,9.670317
9.0,9.670317
9.0,9.670317
9.0,9.670317
9.0,9.670317
9.0,9.670317
9.0,9.670317
9.0,9.670317
9.0,9.670317
9.0,9.670317
9.0,9.670317
9.0,9.670317
9.0,9.670317
9.0,9.670317
9.0,9.670317
9.0,9.670317
9.0,9.670317
9.0,9.670317
9.0,9.670317
9.0,9.670317
9.0,9.670317
9.0,9.670317
9.0,9.670317
9.0,9.670317
9.0,9.670317
18.2,9.59732
7.8,9.944562
3.7,9.93885
7.4,11.4512415
11.8,9.6219635
14.1,16.415339
14.4,11.356867
17.8,9.938213
13.9,9.533318
17.9,11.722088
10.9,10.972015
12.5,10.95007
10.4,9.510949
10.2,8.971636
-4.6,8.518166
8.6,14.428127
15.1,8.483421
22.9,10.910087
7.8,10.28177
7.6,10.002864
9.5,8.982965
11.2,10.893249
9.7,16.36951
21.6,10.068158
17.5,10.130635
16.7,10.06994
13.8,9.52401
12.5,10.574377
12.1,13.07728
12.7,9.680196
8.2,11.280378
9.0,9.670317
9.0,9.670317
9.0,9.670317
9.0,9.670317
9.0,9.670317
9.0,9.670317
9.0,9.670317
9.0,9.670317
9.0,9.670317
9.0,9.670317
9.0,9.670317
9.0,9.670317
9.0,9.670317
9.0,9.670317
9.0,9.670317
9.0,9.670317
9.0,9.670317
9.0,9.670317
9.0,9.670317
9.0,9.670317
9.0,9.670317
9.0,9.670317
9.0,9.670317
9.0,9.670317
9.0,9.670317
9.0,9.670317
9.0,9.670317
9.0,9.670317
9.0,9.670317
9.0,9.670317
9.0,9.932532
13.6,9.884481
15.3,10.815605
10.7,10.01736
5.8,8.0678
5.9,10.904281
12.3,9.143861
10.9,9.737191
9.2,9.36729
18.4,11.087692
2.1,8.305467
9.5,10.140117
7.4,8.673704
0.5,8.953207
-3.0,7.563271
-7.4,9.418002
-2.4,8.822368
-1.9,8.678163
0.3,8.896999
6.7,9.945943
8.7,12.666854
-1.6,9.4875345
2.0,10.045996
7.2,9.76618
10.4,9.260601
2.9,9.053086
7.4,11.076181
12.5,11.186932
6.7,9.655839
11.1,10.964077
5.3,8.89915
-2.7,8.873169
3.4,9.50902
15.9,13.633237
-1.1,9.325236
15.6,10.603989
2.4,8.8439045
10.1,10.64366
1.4,8.584491
3.6,8.788569
15.5,9.633364
0.9,10.9010105
8.0,11.7738285
8.5,8.53845
10.8,9.3163185
19.8,10.67827
20.0,11.505026
15.1,10.152069
4.8,10.286306
3.4,9.4798765
4.7,8.978061
9.9,9.045403
13.8,12.090921
9.9,10.0791855
4.1,9.133522
2.0,8.900254
4.7,9.242776
9.6,9.803365
18.1,10.377663
8.2,8.9657955
0.3,9.071618
6.3,9.249315
-3.0,9.007705
3.2,8.9915
-0.7,11.075556
15.1,9.418261
0.8,8.721004
17.9,11.995457
20.1,10.12832
5.7,10.537814
5.5,8.579847
12.5,9.577927
-4.0,10.798225
-2.0,11.436267
-1.9,9.014082
10.1,10.013258
3.9,9.287458
0.1,8.239009
7.1,8.911684
8.0,13.366941
-2.2,10.468499
5.8,9.587875
3.8,9.75288
-0.9,8.613517
13.9,14.5325365
8.0,10.478109
14.9,12.544038
3.0,9.918482
5.4,8.674801
18.0,10.1993685
4.0,10.997511
16.0,13.066031
3.6,9.880968
3.6,9.114662
2.8,9.529286
11.4,9.499922
1.0,8.892161
3.6,8.908922
0.0,8.887456
3.6,8.456668
3.6,11.97906
3.6,11.97906
3.6,11.97906
0.0,9.027496
3.6,11.97906
3.6,11.97906
3.6,11.97906
3.6,11.979064
3.6,11.979064
3.6,11.97906
3.6,11.97906
3.6,11.97906
3.6,11.97906
3.6,11.97906
3.6,11.97906
3.6,11.97906
3.6,11.97906
3.6,11.97906
3.6,11.97906
3.6,11.97906
3.6,11.97906
3.6,11.97906
3.6,11.97906
3.6,11.797736
3.6,4.0007324
3.6,1.9449847
3.6,5.8653326
3.6,1.7238871
3.6,12.801905
3.6,12.1444845
3.6,0.57228434
3.6,0.40039766
3.6,0.24056235
3.6,-1.0642331
3.6,0.88318235
2.2,8.469021
7.0,9.681297
3.2,8.084358
9.0,11.21634
34.4,15.940431
91.0,9.060763
3.6,4.194395
0.0,0.9776976
3.6,5.939221
0.0,9.808406
17.4,12.10878
0.0,6.578971
6.2,5.463224
3.6,-0.5528442
0.7,4.634155
3.6,11.97906
0.2,2.8843782
3.6,13.319296
19.5,8.089683
3.6,11.006999
4.8,7.3639894
1.7,9.412737
2.1,12.212135
2.4,5.692831
3.6,11.97906
3.6,4.2755094
3.6,7.9394794
1.2,10.133162
0.5,11.258415
43.2,10.626037
3.6,5.909805
7.4,16.660568
3.6,11.97906
0.0,6.4502783
13.6,9.915706
3.6,11.97906
4.4,4.131264
3.6,11.979064
4.2,16.047575
38.1,12.648495
3.6,8.322559
3.6,16.27308
59.4,12.003756
0.0,10.020685
0.0,11.41913
22.3,7.938496
3.6,11.97906
11.4,11.474177
52.9,12.361204
13.2,13.000472
3.6,7.1394124
2.1,10.174261
3.6,11.97906
3.6,9.328094
3.6,6.800731
0.0,7.889749
3.6,10.657412
1.0,6.161519
3.6,11.97906
54.1,16.13859
0.6,12.590094
2.0,12.672568
9.9,14.48904
14.5,15.365588
28.7,17.801662
2.1,22.931631
77.8,23.12632
34.9,12.92074
3.7,9.262162
3.6,8.466672
13.5,11.285449
3.6,9.560875
3.6,11.97906
3.6,10.10256
2.6,7.838679
5.8,13.235963
3.6,11.97906
11.9,11.384508
0.6,8.495196
2.8,11.502735
1.7,11.860575
3.6,8.686344
3.0,6.2313976
3.6,9.6682625
8.8,14.643794
78.7,11.276063
0.0,7.396771
32.6,12.692157
3.6,10.991888
0.0,5.2309365
2.4,12.16914
3.4,10.636155
3.6,10.301767
11.2,9.060142
3.6,9.179622
0.7,8.956126
3.6,13.59952
3.6,11.97906
3.2,13.665919
3.9,12.047091
1.8,9.027949
3.6,10.590416
5.9,12.793797
3.6,18.279728
17.8,12.97159
1.8,11.945495
20.4,6.3793287
0.0,6.407095
3.6,10.8742895
3.6,11.97906
3.6,11.97906
3.6,11.97906
3.6,11.97906
3.6,7.478248
0.0,7.1857696
3.6,4.6668773
0.0,5.4881406
0.0,6.7790475
0.0,10.550885
4.4,14.530228
11.3,9.244455
3.6,13.012221
20.6,10.704277
0.0,13.127551
2.8,11.014791
11.0,14.885891
19.2,14.696249
6.0,14.984445
9.9,11.220674
3.6,12.785652
3.8,18.448301
53.5,19.300653
23.4,10.584448
3.6,13.320301
6.5,15.434527
0.0,17.952808
5.3,8.695608
3.6,17.466415
100.6,17.162012
3.6,12.852533
5.0,9.161045
3.6,14.203454
3.6,11.528079
130.9,9.555959
3.6,13.1396475
3.3,15.693337
32.5,13.7833805
3.6,14.251774
34.4,12.743927
3.6,11.899815
3.6,13.683751
28.8,13.127551
1.0,12.287821
6.4,13.1810665
2.0,16.536453
102.4,20.898376
132.2,17.199057
13.9,9.698838
0.2,15.691552
16.1,15.808793
24.0,16.014357
1.0,15.859775
1.4,16.271936
30.9,18.599667
18.2,17.810915
126.2,23.402811
20.6,13.356109
2.3,20.496052
21.4,16.966003
18.1,20.857126
37.4,19.603865
3.4,14.6732025
9.2,10.855231
39.8,18.384928
31.8,16.129292
16.6,20.05879
3.6,22.541258
55.4,18.12989
3.6,14.744142
0.0,13.463717
0.7,16.688313
3.6,9.948067
3.6,11.972933
10.8,12.320749
3.6,9.673653
3.6,13.366882
5.4,19.550627
9.6,17.286373
4.4,15.189898
3.6,10.368299
3.6,4.670215
3.6,6.222752
3.6,10.414744
3.6,11.6273
0.0,8.4702215
3.6,16.491074
3.6,11.979064
0.2,12.137191
3.6,12.509677
6.6,14.141109
3.6,11.97906
16.1,11.291429
4.8,14.459488
3.8,13.50559
1.2,17.736696
37.5,16.891794
1.4,10.431899
3.6,10.092927
1.6,8.322942
1.0,19.3833
56.7,14.737617
4.8,16.947966
77.0,15.194883
0.8,15.92342
8.4,11.462266
15.4,12.332363
3.6,11.428137
3.6,9.297904
0.0,14.297204
4.8,11.393242
1.0,11.086716
3.6,10.072757
0.0,9.974964
1.3,11.460988
5.4,12.355428
3.6,13.915405
10.1,13.799991
2.0,12.753883
0.2,11.486181
1.4,14.785134
2.5,11.046199
0.0,11.082784
3.6,12.225071
4.1,14.366895
6.6,11.983225
2.1,11.944769
30.3,8.27037
14.4,11.192822
1.6,6.5382433
25.6,8.606432
7.2,18.047024
70.9,14.354313
35.0,14.353256
0.0,10.19009
3.6,7.381093
3.6,7.4745035
81.2,12.191605
8.3,12.339985
3.6,11.154548
2.9,8.89897
0.0,14.591203
17.2,9.174915
32.7,18.788492
76.5,11.780968
0.6,10.351935
5.8,11.151661
3.6,11.97906
3.6,11.97906
3.6,11.97906
3.6,11.97906
3.6,11.979064
3.6,11.979064
6.1,12.184664
9.1,7.9601135
3.6,11.97906
12.9,13.207725
3.6,11.877387
0.0,8.16793
0.0,3.896029
0.0,7.930462
0.0,3.2877018
0.0,6.0042205
20.8,15.121392
1.6,10.159588
3.6,3.4899251
3.6,3.1661417
3.6,6.7465863
0.0,4.51763
3.6,7.859409
2.8,6.40778
3.6,11.459092
28.1,5.5575256
4.0,10.096149
17.0,4.746637
34.4,7.710035
0.0,7.3192043
0.0,7.022683
0.0,13.681387
20.0,11.21989
3.6,5.22756
3.6,5.625755
2.1,7.5634217
0.0,2.6450138
3.6,4.943893
2.5,8.522709
35.4,11.715195
9.6,8.75113
51.5,17.951242
58.7,4.80393
0.6,8.0098295
3.6,11.4602995
3.6,10.527317
12.2,5.912552
0.0,2.4653726
3.6,6.034097
32.7,12.260805
17.1,12.575251
2.2,9.715945
4.6,1.6771708
12.4,7.5085883
0.0,2.9052722
3.6,-1.710548
3.6,8.682688
0.0,2.192818
29.8,5.2133656
0.0,1.1883732
3.6,2.6126463
0.0,6.366725
3.6,11.97906
3.6,11.97906
3.6,11.97906
3.6,11.97906
3.6,11.97906
14.8,10.467733
10.2,5.996827
5.1,10.474777
5.6,2.5518277
5.2,7.8396435
83.2,17.047974
3.6,7.075613
3.6,6.8065233
0.0,6.843377
1.2,5.463758
3.6,6.0214014
3.6,5.3740554
3.6,13.472916
5.9,16.752123
24.8,8.290437
2.8,9.504572
1.2,7.9306016
1.2,12.203546
1.3,5.7731667
3.6,5.3648353
3.6,6.257496
3.6,13.678416
1.4,2.7028003
3.6,4.0975785
1.4,8.547578
3.6,9.0776205
4.4,12.881803
61.1,11.8858595
2.0,11.773549
3.0,10.943436
3.6,12.649931
12.5,12.003542
2.7,2.6730766
4.5,2.6378963
23.6,7.422262
1.8,5.3254995
0.0,5.6495667
0.0,4.3388357
13.2,11.958676
0.0,4.3655877
11.7,10.06896
14.7,14.550394
4.6,8.51698
13.3,6.144961
3.6,10.068633
3.6,11.665697
0.0,6.1433625
0.2,7.798953
0.8,13.895176
4.8,10.664964
3.6,6.476937
3.6,13.51002
5.2,8.38229
0.0,7.8970213
44.2,17.010107
3.6,14.69025
2.8,10.500195
0.8,14.766448
5.2,13.741103
21.9,11.618283
15.6,9.642141
20.8,16.276346
77.5,19.338524
8.3,9.671079
5.0,9.278238
0.0,10.08989
15.1,11.658738
3.6,11.97906
3.6,11.97906
3.6,11.97906
3.6,11.97906
3.6,11.97906
3.6,11.97906
3.6,11.97906
3.6,11.97906
3.6,11.97906
3.6,11.97906
3.6,9.783353
1.0,10.151502
3.6,11.97906
3.6,11.97906
3.6,11.97906
3.6,11.283748
0.4,9.914011
11.0,0.60068417
0.0,3.8255649
61.6,14.468428
3.6,11.97906
3.6,11.97906
3.6,11.97906
10.5,11.240936
23.0,12.4290905
3.6,8.922929
0.9,7.727701
31.0,14.521593
31.8,11.458241
3.0,14.165227
9.9,4.8418036
29.8,8.062306
1.2,13.90722
32.8,10.716332
0.0,8.652709
3.6,8.905048
0.0,8.980609
7.2,11.572143
4.2,13.690684
3.6,14.189525
6.4,12.415301
7.2,10.335566
0.0,11.798421
0.0,10.461477
1.0,10.932872
0.2,13.377929
25.9,9.704641
26.6,11.17749
0.0,12.483763
0.6,8.070392
0.0,9.341014
3.6,14.892651
5.7,12.478563
3.6,11.7348795
0.0,7.057409
0.0,9.722083
1.2,6.4495234
2.2,7.819064
0.0,5.9550614
4.6,7.201102
3.6,4.1215234
5.2,10.621644
8.0,17.273766
0.4,6.372723
3.6,7.6831374
3.6,10.050771
22.0,12.399435
122.3,18.66849
21.4,12.138317
3.6,9.279693
0.0,15.415881
10.0,14.735099
7.8,14.77904
2.8,15.11482
3.6,14.423013
0.6,13.872686
10.0,15.473175
3.6,10.130289
37.5,11.066472
12.7,10.3792715
49.5,11.371127
15.0,9.399353
0.0,13.712736
3.6,14.41418
20.6,10.71293
0.6,10.570872
4.2,12.208265
2.2,17.662037
57.2,19.979128
0.0,9.390026
5.7,10.515677
3.6,4.6844687
3.6,9.19798
1.7,10.761328
4.1,9.924649
16.0,13.034767
3.6,10.854163
6.4,16.424295
31.6,13.0839
28.0,10.944607
12.1,19.220673
17.5,12.694009
0.9,9.138238
0.0,10.521061
2.8,6.080848
3.6,13.647542
0.0,20.910315
116.7,13.324108
14.0,11.221856
41.0,12.966634
0.0,11.111541
6.3,10.734868
0.0,6.170139
6.1,7.8782907
2.0,15.506734
0.6,12.212349
0.5,12.34212
8.7,14.993886
0.2,15.980064
3.2,13.617537
0.4,9.700838
3.6,8.622081
1.2,8.520714
1.4,8.841739
22.4,9.19059
0.0,9.354605
18.8,13.116943
8.8,13.46286
29.0,14.85403
6.1,15.742052
3.4,12.592561
3.6,17.986164
36.4,22.342321
3.6,10.531017
29.5,23.445015
33.5,16.2623
0.4,8.831738
26.3,15.856391
1.0,12.608463
3.6,8.940338
0.0,9.959194
4.8,11.758777
1.4,12.477956
5.0,9.755804
2.0,10.886857
2.9,10.412716
1.0,10.603973
2.2,9.767925
0.7,11.479031
44.0,11.470267
25.8,14.143683
0.0,10.282053
3.6,13.512458
0.9,12.312829
8.0,22.835835
30.0,17.353785
64.6,12.421454
7.2,12.189785
1.0,12.9169445
42.4,17.12282
7.4,18.085255
43.6,15.041951
1.5,18.482433
3.6,14.372469
22.4,17.354168
10.6,17.90099
2.0,10.5591
0.0,12.209731
11.8,16.980272
121.4,9.373107
0.9,6.879833
0.6,12.480526
9.8,14.54725
0.2,8.699939
1.4,4.111213
0.2,12.4862585
0.7,13.751026
40.0,14.072115
3.6,10.794264
3.6,9.01888
1.4,14.207243
6.4,13.479544
7.4,11.078273
27.8,14.150289
0.6,13.355229
0.0,14.798025
20.0,12.385816
1.4,12.929662
3.6,9.710665
1.3,8.471466
1.3,7.919813
0.0,14.812014
3.9,9.223534
3.6,11.431716
90.0,13.898074
0.3,14.6248455
1.2,16.320354
4.5,13.550224
3.9,16.54256
39.6,13.732388
82.0,22.937729
13.2,11.811337
0.0,9.803262
0.9,16.170185
25.7,15.58708
4.8,14.152513
3.8,14.723518
3.6,7.5788684
0.0,6.642851
3.6,12.200946
20.2,13.635288
0.3,11.043507
59.8,12.288763
59.8,9.097813
0.0,8.376347
38.2,14.370415
1.2,12.943396
17.7,11.126379
3.6,10.268228
3.4,10.331961
3.6,10.770212
47.9,16.255665
3.6,10.616335
24.8,6.5495768
3.6,2.0470169
2.7,9.375736
0.3,12.024776
1.6,5.91236
3.6,3.378813
3.4,5.7395716
0.0,3.1417038
0.0,1.9049053
0.0,10.274512
0.0,4.980717
0.0,7.352336
17.7,6.052581
0.0,3.8271408
3.6,9.692461
7.7,7.867874
3.6,3.5101876
0.0,2.367201
0.0,2.995551
4.0,8.960545
3.6,7.6685967
0.0,6.1110377
3.6,11.97906
3.6,11.97906
3.6,11.97906
3.6,11.97906
3.6,11.97906
3.6,11.97906
14.4,10.651395
0.0,5.4054193
0.0,2.8898296
3.4,11.923214
6.6,4.579927
3.6,6.749315
0.0,5.12553
0.0,7.4113045
16.0,13.741034
3.6,7.7804947
3.6,8.977501
3.6,11.97906
3.6,11.97906
3.6,11.97906
3.6,11.97906
3.6,11.97906
3.6,11.58679
0.0,11.181253
2.1,5.6955667
0.0,2.1092422
0.0,0.6427464
2.2,3.8132503
35.7,18.130423
14.8,10.982444
2.3,2.8094332
0.0,6.922608
2.3,7.3025985
0.0,3.782746
0.0,8.365068
0.0,1.6820273
0.0,3.0405166
21.4,8.220713
3.6,8.794999
16.0,11.540208
2.4,2.2494667
0.0,10.07659
3.6,7.603895
77.0,16.261265
16.2,5.6284904
0.0,4.155829
3.6,0.51432294
3.7,5.4057508
0.8,8.481441
12.0,17.31147
50.6,12.0752945
3.6,9.326849
0.6,5.741081
0.0,5.548711
0.0,7.007189
1.6,8.120229
4.8,7.183225
3.6,10.278721
27.6,10.2198925
11.7,8.875228
0.0,7.763815
11.8,15.127482
8.8,12.609266
43.2,9.834523
1.8,12.192871
44.2,8.787152
26.4,16.290825
7.2,12.374872
12.6,9.443876
3.6,8.782461
4.6,-0.7632197
3.6,4.232705
0.6,0.11397071
3.6,-0.62745416
14.6,6.915111
0.3,11.032082
13.7,7.0785437
0.0,-1.707503
3.6,-2.5554008
15.7,-1.9405363
0.0,-0.5941461
3.6,-0.3751048
0.0,-6.956057
0.0,9.299101
0.0,1.3497107
5.0,12.075324
2.0,7.0171967
0.4,2.3482623
0.6,1.0500412
11.6,2.7218919
1.8,6.208624
2.1,11.727291
0.0,11.821478
6.4,15.748381
7.6,14.482129
9.1,12.9643135
2.6,7.5456595
11.4,4.990718
0.0,3.5277677
0.0,9.433225
30.8,11.981033
14.8,0.6023374
6.0,4.3365436
0.0,-0.09444773
3.6,3.299109
23.4,10.876879
4.2,8.813998
2.0,3.4801419
4.6,6.609024
3.6,10.369709
1.2,8.713109
3.6,6.6973567
16.0,6.69148
3.6,4.762201
69.5,3.4251206
1.3,9.257103
3.6,9.479143
0.6,14.656663
23.1,11.455602
3.9,11.032851
23.1,12.478409
31.0,5.7695656
0.0,4.2102942
1.4,4.310038
0.0,7.331462
24.4,4.692328
37.8,3.5668437
0.0,14.8645525
41.8,9.902928
0.0,7.4013367
8.4,8.391635
0.9,4.656067
24.2,14.129408
21.3,8.870658
6.1,7.857531
2.7,9.775826
14.5,5.721172
2.0,5.7511406
62.2,6.125818
3.0,7.3332
0.0,6.010447
0.0,7.13791
2.4,7.666829
27.5,14.118417
32.4,10.319456
8.8,15.644503
18.2,11.757554
6.8,15.69431
2.6,12.366054
0.0,6.323615
1.0,3.4441864
0.0,7.3014717
3.6,7.184595
0.0,6.6941533
1.6,7.652565
3.6,13.235668
3.6,7.326642
0.0,8.97609
2.9,10.741101
9.3,10.9602585
11.7,12.182572
4.4,6.0460305
40.4,10.949286
3.6,11.616383
2.0,8.000727
9.6,7.7694592
5.7,8.868438
0.0,4.056006
55.4,16.12867
14.0,7.69362
0.5,18.294567
16.1,15.678179
3.2,10.240357
0.4,7.0296607
0.0,5.407691
3.6,10.491251
4.6,12.628627
2.0,11.07997
0.6,0.36069012
3.6,5.5724273
0.0,4.944913
3.6,8.103844
2.6,14.4718485
31.4,13.001378
31.2,10.62832
2.5,10.847407
0.4,6.9427896
3.6,7.0775642
7.9,11.1999
3.2,11.968599
8.4,11.669571
1.4,13.1593685
2.2,11.578877
3.6,9.079421
3.6,11.2613125
6.6,12.674689
32.0,12.606736
23.4,13.128344
20.8,12.413752
58.4,15.265796
23.4,10.442102
3.6,10.486254
3.6,15.65774
19.2,6.0722103
0.0,6.840781
0.0,12.059149
9.6,10.289528
5.8,6.689094
0.0,12.73203
3.6,5.9059978
0.0,7.298412
0.0,8.410424
0.7,10.959239
3.6,6.2562037
0.0,12.7163
9.2,15.977019
14.6,15.710338
32.9,13.49714
3.0,8.017157
0.0,10.9206505
6.4,14.230845
22.4,19.390331
8.4,15.068775
2.3,12.806055
0.0,11.211344
1.6,17.198467
136.6,10.462928
0.6,19.503996
23.2,14.433124
3.6,10.817697
3.6,12.687455
47.6,15.252817
15.0,14.449431
15.0,13.359688
3.6,13.057802
9.1,12.581823
0.0,11.189954
0.3,14.112043
2.6,10.349565
7.4,12.054778
17.2,14.33197
0.0,10.809312
5.6,12.927261
2.2,7.2676663
0.0,15.187316
1.2,15.035295
15.0,21.550083
50.3,24.405758
8.0,13.629408
5.3,13.692043
0.8,9.990882
4.0,14.145417
3.6,10.169334
3.6,9.483684
0.0,10.521974
1.2,11.946938
0.0,10.064233
0.0,9.167547
3.6,8.80314
3.6,14.218297
3.6,11.943605
19.2,15.343764
3.6,14.045928
3.6,3.240225
3.6,7.1473804
0.4,14.699124
64.8,11.289165
0.0,15.234325
0.0,9.629262
0.6,13.868393
12.4,14.415126
29.1,15.838007
3.2,15.4146805
7.2,16.32326
20.8,18.63424
7.7,13.254105
0.0,8.9454155
3.6,13.045157
6.5,6.6537538
1.2,8.232264
0.0,3.6097622
0.8,10.528333
0.0,7.733095
3.6,9.932477
0.0,12.611987
0.0,11.072551
48.8,13.767876
3.6,14.892205
0.6,15.569432
25.0,14.003698
3.0,14.020157
4.8,12.497637
0.6,10.388094
4.0,11.728164
3.6,14.550762
2.2,15.137023
1.9,11.900113
0.1,17.650457
18.5,14.348922
2.5,14.9416
6.0,16.421211
79.2,15.301553
2.0,14.3917265
37.0,12.491642
1.6,12.888599
5.0,8.20006
2.2,2.6721358
0.0,4.777618
56.6,16.246813
4.6,15.923114
3.3,14.960865
2.4,15.223589
0.0,10.8429365
0.0,9.757288
0.0,6.985778
3.6,11.777396
3.6,8.173619
6.8,11.513568
0.0,7.0693607
0.0,7.124603
0.0,0.9196957
0.0,8.64086
28.7,13.738445
22.2,11.116839
3.6,6.623936
0.0,7.5673285
0.0,5.917206
8.0,16.77853
4.2,15.397765
64.1,16.117786
4.6,8.575286
0.0,9.745085
14.7,10.2038355
0.7,13.264131
2.6,14.721121
5.4,14.091895
14.5,12.138424
1.5,9.472435
3.6,11.997003
1.0,11.626582
25.0,11.161378
8.2,14.154192
2.6,16.616806
14.8,13.533479
0.4,10.737836
0.0,9.65173
0.0,9.582897
23.4,17.674906
34.0,16.490578
9.3,9.001317
0.0,6.1581793
0.0,9.184743
4.3,2.3039687
0.0,4.2455206
3.6,1.1660671
0.0,3.462685
0.0,6.240713
3.6,6.9172835
14.4,4.9562535
0.2,8.784792
12.8,7.2619815
3.6,8.691057
17.8,11.0432415
3.6,7.5552697
5.4,3.8158994
1.4,4.0623927
2.2,4.9651275
0.0,3.3636851
0.0,3.8594143
3.6,3.8156326
3.6,5.8596253
5.4,12.216138
0.6,9.697148
2.8,8.154583
31.3,6.0327015
39.6,12.474001
32.0,3.8949282
3.6,4.996657
0.0,4.351572
0.0,3.5961604
3.6,8.306804
3.6,6.73554
0.8,10.580637
3.6,-1.6688504
2.2,10.935349
3.6,11.003829
36.3,6.0224614
0.0,7.252905
0.3,7.206047
3.6,10.206909
38.0,8.349051
0.0,4.3184257
3.6,10.466702
0.8,9.439874
4.6,-0.26272967
26.8,15.194581
18.0,8.670036
0.0,3.472067
0.2,7.582801
3.6,4.778196
8.1,7.7149024
29.8,5.0856347
11.3,9.803531
21.8,17.087347
78.8,14.17606
1.8,5.961409
3.6,9.448692
26.8,10.003559
15.3,16.060055
28.9,10.636527
1.6,8.454676
10.0,9.965899
17.2,7.3390617
43.9,9.337844
3.6,5.0951858
0.5,1.680365
3.6,-0.49307677
3.8,-2.0514495
3.6,5.1850066
0.5,3.5986974
3.6,2.096189
0.0,5.9820213
10.6,5.9820213
3.6,-1.7008256
0.9,0.17144608
0.0,1.5868273
2.2,8.655846
30.2,12.929551
9.5,5.500185
11.7,13.637946
36.4,11.87394
1.4,7.156729
0.4,11.16197
55.4,12.728108
0.0,12.650505
94.2,15.037662
14.1,3.8081083
3.6,3.809677
3.6,-4.1880593
0.6,1.7821467
3.6,0.34196308
9.5,10.6102295
3.6,5.6512494
0.0,2.9757526
46.6,3.8273766
7.8,4.066835
3.1,3.8789644
1.0,13.64854
7.8,8.594168
8.8,9.229311
44.7,8.4653425
3.6,0.0639589
3.6,-2.468651
3.6,-2.0873756
3.6,2.5117722
2.0,8.336408
2.0,5.584589
6.1,6.182065
0.4,5.4615636
13.1,7.992155
16.2,9.13104
3.6,5.3977823
3.8,13.606951
17.9,8.685004
0.0,10.432073
24.8,11.238234
4.4,-0.15943271
38.9,8.334135
5.6,6.3185854
0.4,4.268497
0.0,5.773218
10.8,8.35171
1.5,8.9966955
1.3,10.334037
3.1,8.18824
3.6,3.3080747
4.4,8.164516
6.4,10.402962
40.3,11.9950695
3.6,14.383593
3.6,2.7054698
0.0,0.504037
0.0,5.8859854
3.6,-1.1630158
3.6,2.7613342
38.2,3.7512496
59.7,6.602481
1.0,3.383992
10.1,13.656747
82.4,8.603553
13.4,3.1287796
3.6,-3.6227226
0.0,-3.033209
0.0,0.8568444
0.0,1.1507791
3.6,1.8096573
0.0,0.50889003
0.0,8.441243
3.6,0.2839409
0.0,-0.1140327
0.0,10.189725
0.0,9.721148
0.0,3.097414
0.0,0.96599966
3.6,5.8297305
2.3,16.05709
30.2,17.331478
18.9,9.731792
19.3,6.625479
12.8,5.9347215
60.0,9.899596
20.8,11.755326
2.3,8.342291
3.6,5.2311316
0.0,5.5631776
0.5,3.3387556
0.0,2.6074603
0.0,5.0887423
0.0,3.757535
0.0,8.210458
2.0,5.399005
12.8,13.510838
4.0,14.46363
28.5,8.300382
3.6,7.816649
0.0,4.3437457
0.0,3.6810784
0.0,3.4036467
6.1,4.668658
0.0,10.403547
2.5,9.974987
3.6,8.317146
3.6,9.616474
4.1,11.194712
0.0,8.539845
7.8,10.134159
14.8,10.056073
1.2,17.330824
5.9,14.774662
9.2,11.693685
3.6,12.2226
46.6,20.219103
20.6,20.885025
7.1,13.141532
1.3,8.978182
0.0,9.826382
0.0,4.6684294
0.0,6.115298
47.6,7.775866
1.4,6.9221478
0.1,6.1988845
28.5,9.522084
6.8,8.311413
8.9,7.6819444
2.0,12.342507
37.0,7.6610594
3.6,8.472305
0.3,4.5817385
3.6,5.8425994
0.0,10.636115
3.2,10.3796835
3.5,5.488362
0.0,6.460721
3.6,8.377363
0.0,12.3182535
13.8,11.698729
1.7,13.6809635
2.2,8.9939785
22.0,11.390605
3.6,12.756984
9.8,10.328712
3.6,8.950438
7.0,12.05828
0.4,10.992775
0.0,10.063787
84.4,17.12292
19.4,12.336785
0.0,16.694035
1.2,14.571117
6.6,11.868686
3.6,8.013471
3.6,10.439724
3.6,14.446965
17.7,13.175603
33.0,12.774046
2.2,15.184901
3.6,13.561315
0.2,12.199414
3.6,7.747286
0.0,12.259119
0.2,9.246289
0.0,7.2485824
0.0,8.91851
0.0,15.594547
3.0,19.168232
26.1,17.55827
7.4,21.89717
17.2,23.76377
20.8,20.115078
5.7,21.671148
57.4,15.785338
36.6,12.503543
4.6,16.958805
2.9,15.32672
0.0,8.69971
2.6,16.308624
3.6,13.387016
3.6,18.939268
26.2,21.029713
5.7,17.57787
12.6,20.900402
10.6,16.594625
3.6,17.605207
6.8,7.2303557
1.0,11.457844
3.6,11.105355
3.6,14.756502
0.0,16.222736
3.6,14.838355
24.0,16.877523
6.4,19.353142
10.1,17.174751
0.0,20.042103
2.2,20.886496
27.1,12.928322
2.1,12.546859
3.6,18.586073
2.9,19.790257
24.1,18.955294
7.2,20.380787
4.4,20.726734
4.7,17.299828
3.1,19.672392
13.4,23.188482
30.6,25.084288
4.4,16.455063
0.4,24.103275
44.3,22.676235
2.7,18.770678
6.3,17.609184
14.6,14.996581
7.5,19.538597
3.6,20.567513
9.1,23.211811
6.8,23.676073
5.6,18.43241
3.2,16.681047
2.7,11.796333
10.6,16.582802
3.6,6.936946
3.6,11.806106
0.8,9.781711
0.0,15.329334
7.4,14.592996
0.1,15.3133135
20.9,22.963554
34.6,18.508432
9.9,14.255861
3.6,7.564604
0.0,12.016187
9.2,13.613935
3.6,13.730874
0.2,19.236681
4.4,22.896254
17.7,18.039314
0.2,15.753226
1.2,13.331016
0.0,15.032194
1.2,12.924964
6.4,15.830145
0.2,12.683706
0.8,10.522802
3.6,12.673136
3.6,10.032368
2.6,11.731797
8.6,14.985185
3.6,14.549094
1.0,14.594594
3.6,11.002515
2.4,12.478656
31.8,22.187075
75.9,14.768771
0.0,14.447447
0.0,10.580342
0.0,10.828271
6.2,11.539652
1.6,12.580675
32.8,20.371443
6.6,16.544456
3.2,13.754197
4.0,12.944707
32.0,12.784176
3.2,13.075899
30.2,8.931173
0.2,13.020775
4.9,11.588363
0.0,10.547361
3.6,11.209204
0.0,8.899095
22.4,11.499871
14.0,16.937218
4.0,10.787691
2.6,6.466233
3.6,13.839113
31.6,14.543004
43.8,11.6693125
0.2,8.136006
0.0,12.555452
119.8,13.586559
40.0,14.541285
3.6,5.1414475
0.0,4.7876368
3.2,8.076537
16.4,6.481727
0.8,8.34017
36.8,11.699591
0.0,8.60384
0.0,8.880766
2.4,9.010445
7.0,15.343558
35.0,9.678539
4.2,8.765241
3.2,10.934823
8.6,9.088877
3.6,16.329317
19.2,8.861202
3.0,10.975757
16.6,8.560075
2.0,5.6743803
0.0,3.3573005
0.0,3.483178
3.6,2.9268897
0.0,3.0096536
0.0,4.53419
3.6,8.128897
8.5,15.138408
3.2,13.875443
27.9,9.202255
3.6,8.972659
0.0,5.5345273
0.0,6.31068
0.0,2.805534
0.0,5.3170123
3.6,4.675322
0.0,1.9309264
0.0,2.0396214
0.0,-0.917646
0.0,-1.8864925
0.0,-0.25443026
0.0,2.4037347
0.0,2.7073956
0.0,4.2468076
5.5,2.1590846
0.0,-0.38135147
0.0,9.361799
17.4,3.5038638
3.6,5.102274
0.0,-0.29277542
0.0,0.8006946
0.0,1.4242359
0.0,3.4497445
0.0,1.5603623
4.2,3.2634187
3.6,-1.6378841
0.0,9.274133
16.4,2.9363103
0.0,1.8496429
0.0,0.6761594
0.0,2.7107534
8.6,1.932403
9.4,5.969852
9.4,1.3838804
0.0,1.4180096
6.8,3.404663
0.0,-0.8560651
23.4,4.2398653
2.2,8.863703
22.5,-6.399102
0.0,-2.0477085
1.0,0.71489483
3.6,-2.3870525
0.0,0.7386737
3.6,-3.121566
0.0,0.71454877
3.6,1.4525862
0.0,7.98112
33.2,9.329128
9.9,5.447811
0.0,3.0994852
32.2,8.858946
3.6,9.539629
2.0,3.3979359
4.2,4.8896856
0.0,3.909119
43.2,11.041492
21.0,8.004921
0.8,0.049849182
0.0,4.7699995
3.6,6.275122
0.3,5.0964265
3.6,2.6116376
3.6,-3.5190814
0.0,-3.540303
0.0,0.31232238
1.1,-2.9858835
2.6,-3.5015638
0.0,4.187526
18.2,2.1661413
0.0,0.6844956
0.0,4.2489324
0.0,-4.4685836
3.6,-5.9363866
0.0,-5.2493167
0.0,-2.8123398
3.6,-5.746745
0.0,-6.537736
0.0,-1.3071232
0.0,-2.8995497
3.6,0.52000254
0.0,5.057555
3.6,7.887967
0.3,1.6886975
29.6,2.2128742
8.8,-5.814398
2.6,-1.7210199
0.2,-3.9127486
9.8,1.1489216
3.6,-0.84363997
3.6,0.6853186
3.2,7.016593
8.1,9.607733
37.8,6.304218
3.6,14.696308
28.4,-1.8807079
3.6,-2.1785972
0.0,-2.0290718
3.7,2.0565479
18.2,7.867432
0.0,8.52018
35.6,6.409842
3.6,3.4546473
1.8,5.540338
1.0,7.6789026
1.8,7.298412
0.0,2.8422847
3.6,4.210959
0.0,10.546599
8.0,11.665093
0.3,11.698044
53.8,14.573076
56.6,5.4200554
3.5,5.978678
0.0,8.889753
7.0,8.540233
0.0,6.0246854
0.0,5.5502315
17.7,15.070977
8.0,10.9564
13.4,9.212499
0.0,3.2663937
0.0,4.496662
0.0,9.08142
57.2,11.990305
7.8,12.368517
27.9,20.90475
54.5,5.601766
11.8,10.990212
4.0,4.9241276
0.0,2.7287626
0.0,3.8804982
0.0,7.086998
2.0,4.6942334
6.0,8.580886
11.2,3.0003674
0.0,8.438928
57.6,7.8545156
4.2,12.9817705
3.3,11.567986
4.6,8.005138
1.3,8.61898
4.3,4.4953423
9.2,4.769657
3.6,1.9828069
1.0,5.2675548
8.4,6.182606
0.0,3.243679
39.2,5.4447546
0.0,8.628901
13.8,14.205586
32.2,12.855947
22.5,3.1824129
3.6,11.97906
3.6,11.97906
1.2,9.783157
0.2,4.854816
0.0,5.5973587
28.1,8.590673
9.4,4.3152223
0.4,9.456525
16.2,10.631822
0.0,14.035566
15.8,13.661946
63.9,17.471369
66.8,19.268068
19.7,7.3942156
3.6,6.8716774
0.0,9.127468
6.0,8.320158
0.6,7.0900874
0.0,5.406303
0.0,3.5670776
0.0,2.2533953
1.0,4.7474046
25.1,9.83713
38.1,14.225525
0.4,9.727713
1.9,11.72739
0.8,10.910429
20.4,9.843364
0.0,6.6094656
3.6,7.885916
1.5,6.259267
3.6,8.762855
1.2,13.555228
11.8,10.506752
3.6,13.395316
54.9,12.837444
0.6,17.909348
4.1,14.706588
4.1,11.722173
3.2,8.608626
0.8,7.470122
22.9,10.62878
3.6,13.522116
56.6,9.151939
10.4,10.046036
1.0,11.754965
8.3,18.149368
62.2,5.584302
0.0,6.943235
0.6,12.931242
105.0,12.577633
19.6,14.920521
23.4,19.876049
147.2,12.575155
8.0,16.31319
4.2,14.706706
0.6,13.245219
2.6,10.792183
9.2,13.681159
84.7,14.404054
3.6,12.867288
11.2,6.4851255
0.0,11.33149
10.4,13.370495
44.8,11.45474
7.8,16.614784
1.4,14.6803055
7.6,14.287748
7.2,13.344834
3.4,12.043721
0.0,12.361661
7.4,10.944293
0.0,11.881787
4.0,14.864906
8.6,13.02495
6.0,10.696339
13.6,10.281884
0.0,10.782812
3.6,10.759575
1.6,10.778589
5.3,8.349154
0.0,14.537437
91.0,14.748601
2.4,10.868803
0.0,13.118526
1.6,12.168786
4.0,10.959489
0.0,14.768355
0.0,15.572517
6.8,15.702771
2.6,15.119662
38.8,11.39386
3.6,13.086408
1.6,11.054962
6.7,11.489363
2.4,13.327308
9.2,15.735011
9.4,12.542587
0.0,11.941894
3.0,13.696484
5.6,17.307714
43.6,21.063057
25.7,15.781075
3.6,16.18371
3.3,13.916628
0.0,13.963586
1.8,7.3662505
0.0,11.101278
14.1,12.150763
15.4,14.529925
0.0,17.10146
17.1,18.233377
10.1,20.494917
123.2,10.951149
0.0,8.26704
0.2,13.736655
3.2,13.139783
34.4,14.344788
81.2,18.352272
3.6,15.1168785
37.1,13.47469
11.2,10.9465685
0.2,6.854114
3.9,5.9277883
0.8,11.907076
13.8,14.472581
49.4,10.820083
8.0,8.7601595
0.0,7.76436
0.0,4.9048667
3.6,7.043888
3.6,6.913616
1.0,8.983613
3.4,9.22761
1.4,14.583522
3.8,13.235146
0.6,9.421209
5.3,11.015962
1.0,10.60851
2.8,13.043405
14.0,12.846352
5.0,16.441612
16.4,11.66932
4.0,12.13606
3.6,9.351276
3.6,10.074469
12.4,15.070415
45.6,14.986043
2.6,8.667492
1.4,7.9330726
3.6,11.97906
3.6,11.97906
3.6,11.97906
3.6,11.97906
3.6,11.97906
3.6,11.97906
3.6,11.97906
3.6,11.97906
3.6,11.97906
3.6,11.97906
3.6,11.97906
3.6,11.97906
3.6,11.97906
1.0,11.231109
10.1,10.382964
20.2,10.379109
5.0,11.173267
3.6,10.904958
2.4,14.215086
34.1,19.685987
15.1,8.861077
0.9,4.185245
0.9,10.612847
34.2,12.800322
2.2,7.027227
16.2,4.589202
3.6,3.9298673
0.0,13.413951
29.2,8.829662
0.7,8.803899
5.8,10.857356
3.6,10.296005
2.4,9.215554
45.1,12.620604
3.6,12.073527
0.0,11.4671335
46.0,12.108713
3.6,8.845551
3.0,5.732049
0.0,6.0924764
2.8,6.5543084
0.0,7.022989
0.2,4.481106
0.9,12.975747
60.5,7.898461
5.6,5.9824634
0.0,4.677793
5.2,5.839753
1.2,9.238399
15.8,15.9107685
26.9,8.022654
0.0,3.9416354
0.0,3.2067294
3.6,3.6954606
3.6,3.1485653
0.0,10.759221
21.9,7.794917
3.6,9.969224
16.4,7.582057
1.2,7.4031854
1.6,12.073373
5.4,5.8028035
0.0,7.1717706
7.2,6.3416204
3.6,11.837587
5.6,3.5092838
0.0,5.799983
3.2,3.8222659
3.6,7.1623187
3.8,4.933215
0.0,2.949065
3.1,6.8236413
24.8,8.134894
2.2,5.887484
0.0,8.220245
22.6,11.557653
0.8,5.9064727
3.2,14.836646
35.5,12.31062
0.0,1.118804
0.0,7.0495734
11.0,6.9312534
4.2,5.8480268
0.0,4.674954
0.0,8.476525
3.6,-0.023703987
0.0,3.3423293
3.4,2.1141448
0.0,2.424995
3.6,0.2617748
7.0,3.8246443
10.4,5.9212046
1.7,13.0013075
21.1,17.458519
11.5,3.3741553
0.0,4.419893
2.7,11.385656
5.7,8.311012
1.5,-1.456562
0.0,1.8321769
0.0,0.5004378
2.3,5.2375937
4.4,6.2992177
0.3,8.956811
5.4,11.324434
4.5,6.80075
3.6,5.752683
0.0,5.1885633
1.2,8.749143
0.3,7.310154
1.0,11.212172
22.7,9.360234
2.6,10.649436
0.3,7.68211
3.6,10.666992
1.2,10.572028
1.9,10.893503
4.9,10.377669
3.6,3.8529558
1.2,6.873121
3.6,12.621819
8.2,6.0839705
3.6,5.1233277
5.2,6.2699194
62.8,7.5699244
3.6,12.477507
8.2,8.991662
3.6,5.0292583
0.0,2.98871
0.9,11.321824
1.2,5.6466355
4.2,0.71637136
1.0,7.8252797
1.5,9.960664
16.5,8.903855
4.3,11.246854
77.9,18.317503
9.5,8.213595
0.0,4.583629
22.0,7.729041
3.6,14.504019
4.7,10.463057
2.6,6.7610016
39.2,12.645756
5.6,6.3203235
4.0,11.015479
3.6,2.9201238
0.0,7.041414
0.7,2.064111
0.0,-0.72402954
0.0,1.8509629
20.8,4.5777326
11.5,11.198184
2.4,13.835876
31.3,19.482706
6.0,5.367188
10.6,6.093014
13.4,7.616948
9.4,6.693332
6.8,1.5673362
2.8,3.057804
3.6,0.7938349
3.6,9.090323
4.4,5.4679484
0.2,7.9739585
3.6,-1.078619
0.0,4.145827
2.0,9.234083
35.2,7.294973
1.6,-0.8233112
5.4,4.332311
10.4,14.985513
21.9,14.970398
34.6,11.342746
3.6,3.380111
10.0,7.828196
0.0,11.599773
11.0,7.709656
0.0,9.554295
14.5,9.809267
0.8,7.870827
1.4,9.265391
10.2,9.246484
0.0,3.8407369
3.6,7.0080466
36.2,5.4056106
1.8,3.4384904
3.6,4.81646
0.0,5.2202034
9.8,7.8671856
3.2,2.3290823
1.5,6.732664
4.6,9.658346
0.7,10.139808
13.5,18.447838
9.3,5.451548
0.0,3.969306
6.7,6.420306
5.2,8.070215
0.0,4.733422
74.0,6.0467267
0.0,7.15547
0.0,6.4047313
1.0,10.47544
1.2,4.746563
23.3,6.2165623
3.6,7.8020716
6.5,17.777548
17.3,4.5385036
20.6,6.0764704
3.6,7.3812623
49.1,9.065164
19.9,8.917015
4.2,8.846419
2.8,4.348998
51.1,9.445033
7.6,15.693224
28.9,10.008564
0.0,5.743191
0.0,8.236807
3.6,8.451623
26.1,14.427932
53.6,13.031008
1.1,10.090673
0.0,6.798868
3.6,10.761136
84.2,8.003433
0.0,9.709863
3.6,5.80312
0.0,4.8903446
3.6,8.1258955
1.3,6.55415
0.0,7.4211683
3.6,8.134198
0.1,10.346626
20.0,14.397566
4.4,9.943877
46.0,12.257981
3.6,5.443245
0.0,4.996959
0.0,9.079281
0.0,11.9959755
96.6,14.032614
6.0,7.590121
3.6,10.441082
15.0,10.054336
16.6,13.325703
39.6,15.34361
16.3,9.656723
111.2,18.829042
64.8,17.843899
55.1,19.542551
56.6,21.72785
60.0,10.994517
1.4,8.981205
9.4,10.785931
3.6,8.29923
31.2,16.674295
33.3,9.573928
2.8,13.050155
6.8,9.97992
1.6,17.136812
7.2,10.20646
0.0,12.432062
2.4,7.378339
3.4,6.2795258
0.0,7.08572
3.6,8.083062
0.0,4.7594614
3.6,9.245906
0.8,11.551626
6.4,10.016764
3.4,17.412315
50.6,11.935608
0.0,5.8514695
3.6,9.579955
3.6,13.57171
2.6,8.132836
0.0,8.047077
0.8,12.989279
2.5,10.628898
4.4,10.580206
2.7,11.137676
0.0,6.340269
2.4,14.830114
9.4,13.759396
26.6,11.130448
20.4,9.569866
20.4,12.413155
2.9,7.858356
3.6,14.145285
5.9,16.103668
6.0,6.3220134
3.6,9.956668
2.3,13.353027
10.1,9.659017
0.0,8.4280205
3.6,9.976972
0.0,12.7787075
31.6,11.655442
3.6,15.073072
33.6,15.312558
14.6,15.628029
21.8,21.922812
85.6,17.258656
9.4,14.948471
127.0,20.512142
52.5,12.040525
3.6,11.345761
55.1,15.202707
45.7,19.398151
13.2,12.829753
0.8,11.766376
27.6,6.2221737
0.0,7.5497246
3.6,7.47549
0.0,6.5810328
1.8,9.899217
3.2,11.454342
0.7,9.874974
3.6,5.7642264
0.0,5.95364
50.2,8.105765
3.2,15.279088
17.8,14.471211
11.0,10.365316
3.6,-1.2564781
0.0,9.455361
29.4,10.029308
6.6,12.474752
13.4,12.232008
0.0,6.752621
0.7,13.023068
3.6,17.036463
6.6,14.960637
40.2,7.7088604
15.4,12.327808
6.6,12.697536
5.0,11.137245
4.2,13.194956
0.8,10.818049
8.1,5.937078
0.4,12.437711
4.7,14.138057
15.6,12.201037
1.2,9.185402
0.4,8.964452
1.2,12.053743
0.2,11.732505
3.5,12.998454
68.0,12.4646635
3.6,7.715683
13.0,11.985095
3.6,13.652494
12.5,15.394772
39.0,16.574028
77.4,8.838691
1.2,6.3856435
3.6,11.897403
1.8,3.4655905
3.6,9.181344
3.3,12.708509
3.6,8.142516
1.3,11.8365345
6.8,11.822991
9.7,10.808841
3.6,9.97013
3.8,13.043162
128.4,16.113165
0.2,8.780981
0.0,11.392844
8.4,13.051932
1.2,10.43683
3.6,7.6717854
17.2,16.906185
57.0,9.511388
5.6,10.982116
12.4,10.074937
28.2,7.540917
3.6,11.649054
13.4,13.382469
7.0,17.999434
22.4,14.943165
15.0,16.638233
42.4,8.736163
35.8,15.457368
7.4,12.069061
0.0,6.6150146
2.8,11.43345
4.6,9.003699
3.6,8.433356
3.6,4.874994
0.0,5.483391
0.4,4.665235
24.8,11.791664
1.8,7.715219
0.0,3.080887
0.0,4.83286
0.0,5.491609
6.2,8.00544
1.0,8.745858
2.2,10.82034
47.2,15.285488
0.4,6.413745
1.3,5.81702
3.9,8.665319
0.8,7.274515
1.0,9.214288
52.5,11.863476
22.8,14.950788
66.0,14.824348
61.6,6.1886597
0.0,6.377609
3.6,0.8050505
0.1,9.765609
27.2,7.84559
64.0,3.8282824
8.8,6.3897195
1.4,9.613134
0.8,11.374463
21.5,6.937774
2.4,8.760494
1.0,19.035574
73.7,9.390026
32.9,12.178997
3.6,16.853107
18.0,14.021144
1.8,7.9312167
1.0,8.455839
2.5,13.177153
16.0,4.8203926
0.0,4.9826503
3.6,4.2522554
3.6,10.698341
14.4,11.8364935
5.4,8.656255
3.6,4.7342467
3.6,8.314388
3.6,6.2511334
0.4,4.2194514
3.6,4.9852242
1.5,4.0693665
3.6,12.731982
3.1,8.257276
26.6,13.346053
1.8,4.8679094
24.0,14.7493515
3.6,11.97906
7.1,10.013656
56.4,11.14993
9.7,11.168274
13.5,5.722122
3.6,2.5841472
6.5,9.552836
7.5,10.917488
3.0,7.4773974
0.0,5.841425
4.0,7.1802096
3.6,7.2288685
3.6,9.878851
14.5,7.2604127
19.1,10.960668
24.9,5.057264
11.7,10.617417
34.7,2.050561
3.6,6.538431
3.5,3.174117
0.0,0.5795417
1.7,0.31633583
13.2,3.6483834
40.6,5.803776
0.0,5.3726816
0.2,7.104315
0.0,5.450797
0.0,7.3116784
3.0,7.7756786
8.2,7.808405
14.5,14.474466
6.6,13.384111
0.3,5.496978
0.3,5.080844
12.4,17.300781
20.8,3.532074
3.6,4.889026
0.3,3.4143028
1.6,0.069583274
0.9,7.945735
0.6,3.7019465
2.7,4.2200665
86.8,11.594327
12.2,3.299814
3.6,7.653272
2.0,6.1664863
5.7,7.4518404
36.2,16.268261
3.6,9.130944
4.5,1.4825233
0.0,-0.7224922
0.0,5.8992224
1.0,10.024378
42.5,7.14484
3.6,1.5105015
1.0,5.0505958
2.6,-1.9900657
0.0,1.1448823
4.4,5.7214704
0.0,-0.26236516
0.0,5.2373323
29.4,4.960543
0.0,6.4732766
13.6,9.317751
3.0,7.732705
5.4,8.759533
12.2,13.302023
37.2,6.4473033
1.8,9.271463
3.6,12.950558
7.1,17.017673
20.2,6.6881037
2.4,11.227751
8.0,8.105706
3.6,8.112121
3.6,11.264067
15.4,2.9532201
38.2,8.416728
48.9,12.921893
31.2,1.0797538
27.8,5.310473
15.1,6.534344
1.6,8.3685
3.2,10.233292
1.2,7.84858
3.6,5.190478
3.6,3.385623
3.6,8.098913
0.8,3.6357355
32.2,5.886836
3.6,11.517821
11.2,15.281596
12.8,9.081487
3.6,4.9485617
2.8,4.7252975
1.2,16.769234
104.6,10.39551
3.6,8.503389
16.9,13.842861
39.8,11.762186
17.4,7.6465483
18.2,8.611271
10.8,9.325826
3.6,9.776954
23.4,13.409127
5.4,10.1488285
15.8,16.687431
15.3,16.266008
38.4,14.876604
23.8,4.440023
3.6,2.5460544
3.6,5.9936676
0.7,5.5856385
2.4,2.7868068
4.8,7.268502
13.8,12.734755
19.9,11.268423
3.6,7.6488385
49.2,8.052265
3.6,7.7915077
3.6,3.9828064
3.6,5.3080616
3.6,0.7232329
3.6,5.1341496
1.0,10.380744
38.3,13.611796
15.7,15.067332
19.2,9.99178
3.6,12.176633
4.8,10.506896
13.4,16.776966
37.0,14.67824
4.2,7.998437
3.6,9.488606
3.6,7.526362
3.6,10.285416
1.7,3.7703633
3.6,7.3848667
1.0,11.042436
1.8,4.3868866
3.6,8.1246805
3.8,11.912429
112.8,10.365364
1.2,11.218107
38.7,13.862
1.2,7.7202635
1.2,8.471911
3.6,6.550762
3.6,0.1013688
3.6,6.91686
0.6,6.921665
3.6,3.8237202
3.6,6.952017
3.2,6.732856
3.6,8.115556
49.0,14.996651
5.3,13.701558
7.1,9.80102
0.2,9.209885
94.7,13.7879095
5.8,14.639232
6.7,6.692596
0.8,12.033537
6.2,10.950642
3.6,9.797172
3.6,6.165039
3.6,4.879394
2.8,9.951697
0.2,12.229555
18.6,13.022888
3.2,13.362671
20.2,12.33029
7.3,7.268403
8.6,10.700492
28.4,14.053093
14.9,10.453185
3.6,6.9011416
3.6,11.434621
3.6,7.205612
17.1,7.2116437
28.2,9.617858
0.4,16.69825
7.4,13.837216
2.0,4.368885
3.6,6.595717
3.6,10.021934
12.9,11.148549
5.8,9.733612
3.6,11.946478
3.1,12.673769
2.8,9.148459
3.6,10.148155
23.2,10.624553
18.2,10.503762
33.0,12.173997
0.4,12.613004
33.3,13.335361
4.4,8.306652
3.6,8.611344
1.3,7.3692513
3.6,9.512794
16.6,13.525223
0.8,12.75906
6.8,15.868498
3.7,12.162292
12.5,9.711195
3.6,6.6106405
0.2,13.216665
4.1,7.82792
3.6,16.162548
35.7,13.043033
3.7,19.115198
90.2,20.071884
203.2,19.66938
35.4,20.402227
91.2,21.913607
81.4,12.512247
0.3,13.418306
83.2,21.570595
95.6,19.64171
6.9,16.036926
9.3,9.843926
3.6,13.827017
11.6,18.78224
16.9,13.598518
3.6,12.899053
57.6,13.684105
3.6,9.79476
68.5,23.660273
168.1,19.81032
39.9,17.688934
13.1,14.366861
32.9,14.109234
1.7,16.004705
2.4,16.087828
1.6,17.698328
10.7,15.241454
2.2,17.253939
27.8,9.710179
5.0,15.6877
24.6,14.604477
24.3,13.283955
15.6,16.162836
9.8,15.642867
3.6,19.006971
13.9,14.44533
59.0,19.121965
47.0,12.718336
2.0,7.509262
3.6,8.451425
3.8,9.432554
3.6,14.349375
92.8,17.053513
8.2,14.980619
2.9,15.70864
76.1,12.591817
0.5,15.157179
47.9,15.695496
51.0,11.468588
3.6,7.4730525
7.1,17.787163
35.2,12.422662
0.5,10.281291
3.6,16.44458
65.2,14.91087
4.0,15.461705
10.4,13.620744
12.4,13.009663
5.0,4.143542
3.6,13.930727
24.3,14.625217
13.4,13.880425
35.4,15.097057
11.2,13.541884
16.1,13.2922945
0.6,14.3234825
17.5,11.266284
1.2,10.603971
23.3,13.382454
18.2,11.879294
3.6,11.19114
4.7,12.183364
4.9,4.4657016
3.6,6.591302
3.6,7.6035566
7.8,16.15246
6.8,9.756054
0.2,5.0179653
3.6,8.004001
3.6,9.05196
1.4,13.732366
100.8,11.756316
3.6,8.998644
51.6,10.478628
21.2,10.661216
4.6,11.075987
3.6,13.429026
4.6,14.579616
2.0,12.356867
14.0,8.253605
1.2,14.571607
126.8,7.9299355
3.6,8.616495
0.2,3.5538995
3.6,5.7535043
9.0,11.572172
4.8,5.969937
0.3,13.009269
11.3,13.654412
4.0,12.31294
8.4,11.722751
3.6,10.4964905
3.6,8.954286
1.4,6.8781357
11.4,9.1789
3.6,7.8221498
4.0,9.65427
0.4,7.199305
0.2,10.318565
1.6,5.3671474
3.6,2.7229466
3.6,0.93776363
2.4,3.2358434
3.6,0.12096113
12.9,4.7189956
3.6,7.074122
2.8,2.8784316
24.8,9.21677
3.6,3.1882932
3.6,6.5264606
38.2,5.9897723
2.3,11.177811
2.0,5.7800117
3.6,5.277257
1.4,8.991191
18.7,6.5272927
3.6,5.0728025
3.6,4.577512
3.6,4.2171097
3.6,5.4343014
3.6,3.99766
3.6,2.8283942
3.6,0.41463992
3.6,1.6197212
3.6,6.7774715
0.2,11.532954
2.8,9.60672
0.2,8.63987
3.1,6.5975175
4.8,14.457985
15.7,4.908383
3.6,4.9674544
3.6,9.562203
32.0,8.635903
3.6,11.68583
9.1,7.886049
3.0,7.458575
12.4,6.396067
9.7,3.055779
0.6,8.619006
3.6,4.659935
3.6,2.4141788
3.6,4.269705
4.8,4.559293
0.4,0.2226601
3.6,3.726414
3.6,2.340981
3.6,3.9021745
0.4,4.763747
3.6,5.565078
3.6,14.050166
92.8,8.410513
1.8,8.105468
1.9,9.338598
4.8,10.010953
4.2,4.772555
1.6,10.997798
31.7,7.5412006
17.6,6.5159006
3.6,4.3343472
39.0,4.130649
0.2,6.7765913
3.6,1.9553497
3.6,2.6304052
3.6,12.575192
3.6,11.97906
3.6,11.97906
3.6,11.97906
3.6,11.97906
3.6,11.97906
16.2,1.7796669
48.5,-4.441528
3.6,-2.2803938
3.6,2.0345862
3.6,-2.3693602
3.4,9.907339
3.6,11.97906
3.6,11.97906
3.6,11.97906
0.9,10.563534
21.5,4.2755814
3.6,9.587514
3.6,2.9686666
3.6,2.1287055
3.6,2.0845022
3.6,1.5350333
3.6,4.833611
3.6,3.4599051
7.7,0.36488768
3.6,0.32465732
3.6,6.836429
44.8,6.1890464
9.0,5.925612
3.6,2.6811974
0.7,3.6225905
3.6,7.5447574
3.1,9.57413
32.2,8.871188
4.5,11.284602
3.6,9.658645
2.2,16.601582
13.9,12.607925
9.1,6.080182
3.6,5.579887
7.4,10.99153
32.5,15.508361
108.3,12.913221
44.4,12.347555
1.6,4.1673613
37.4,3.3261502
53.8,10.854978
3.6,11.97906
1.2,-0.53078675
3.6,-1.6490482
1.0,0.43515646
1.2,0.70639664
60.6,8.376572
3.6,11.97906
3.6,11.97906
2.6,2.885827
3.2,11.19561
6.0,8.230971
3.6,11.979064
3.6,4.986447
3.6,11.199568
3.6,11.97906
3.6,11.97906
3.6,11.97906
3.7,4.5173445
7.2,9.794083
24.8,12.64591
1.0,7.3962297
9.8,7.8788795
0.8,3.772033
19.0,13.053125
28.4,6.116653
7.3,3.25562
3.6,4.5555515
5.4,5.474889
3.6,3.781277
3.6,5.0922217
3.6,5.3970017
3.6,6.211864
3.6,2.577061
3.0,5.382156
5.0,8.705609
3.6,12.939968
10.2,4.8703656
13.4,6.132552
3.6,4.2927895
3.6,6.7953515
0.2,5.723212
1.0,11.581569
15.8,6.8253093
3.6,8.205432
3.6,12.062566
14.6,11.423987
13.6,5.1833787
2.6,12.234114
13.8,6.895482
3.6,10.149897
13.8,10.873984
0.2,4.631634
76.9,11.7000065
2.9,7.1753383
3.6,14.750372
49.9,7.10919
36.6,5.3713307
45.4,10.966614
3.6,11.97906
3.6,3.0298092
3.6,-0.6307901
3.6,2.8400385
2.0,12.096592
0.1,8.915903
3.6,11.97906
3.6,11.97906
3.6,2.9797552
0.8,5.580767
19.6,7.150267
3.6,0.37961417
3.6,7.260884
65.1,7.013548
3.6,4.528689
3.6,10.912355
9.0,10.85127
3.4,10.22275
9.2,7.7596393
6.4,11.427636
3.6,9.282852
0.8,9.815177
3.0,11.178311
3.6,11.97906
3.6,10.977911
5.2,10.870601
4.3,10.512286
45.7,14.170824
3.6,12.004897
22.7,7.1465077
3.6,6.708042
15.8,11.8632555
50.4,17.88281
14.6,9.47883
3.6,10.22219
18.0,13.571142
7.6,14.484864
39.3,16.492054
16.8,13.659096
4.8,8.775944
1.9,-1.0319413
3.6,1.2319211
3.6,7.27193
1.6,16.02678
20.0,13.243648
3.5,8.762077
1.9,6.9448476
9.9,2.4287617
3.6,0.68278533
3.6,8.41157
3.6,6.2733107
3.6,4.575954
3.6,8.4009285
0.4,13.118052
11.6,12.275041
3.6,7.352155
3.6,12.996488
44.0,10.603237
6.6,11.3538065
21.0,18.195665
59.8,11.356505
13.6,10.615499
5.2,9.783924
6.8,17.733469
42.9,10.339446
3.6,10.525365
2.8,11.304183
59.7,21.411135
102.6,13.7650585
30.7,9.118671
10.3,12.757259
3.6,10.659997
0.4,12.333361
13.1,12.171821
13.8,11.271188
12.6,16.086601
3.6,8.070469
3.6,10.310339
3.2,10.522549
3.6,6.929729
3.6,5.010174
3.6,12.217442
3.6,9.149848
14.5,9.144126
3.6,10.102442
3.6,9.560576
3.6,10.029194
43.1,15.1799965
77.8,14.755998
4.0,14.363013
37.0,9.572848
0.8,13.666335
188.2,14.368227
7.4,13.17811
0.1,9.39542
3.6,11.676331
17.9,16.440235
140.1,12.310521
2.9,12.116162
1.0,2.3220625
3.6,5.4458666
16.5,13.149776
4.3,9.354402
3.6,9.797482
0.6,7.614279
0.8,8.252165
6.0,11.736625
17.8,14.630856
8.3,21.927296
9.7,12.422264
3.6,11.4243
3.6,14.083868
13.5,17.544119
0.3,13.208885
3.1,13.8571
0.3,10.141873
3.6,11.742207
7.0,11.053684
3.6,15.966316
59.4,12.28831
3.6,5.453949
3.6,6.307182
3.6,7.4798203
3.6,9.932952
3.6,7.9298615
9.6,10.982145
3.6,8.050825
3.6,11.471173
1.0,12.186148
5.7,13.715549
0.6,14.389808
38.1,16.270227
4.5,16.533636
1.6,10.3365
4.7,13.601769
6.0,9.408882
3.6,6.258192
3.6,10.306193
31.3,19.096836
7.5,11.846958
0.6,17.204224
12.4,15.32031
3.6,15.760481
2.7,20.893873
25.4,12.935712
3.6,10.355109
3.6,17.942066
15.2,16.722864
3.2,15.660074
3.6,16.283405
13.5,20.525997
30.6,17.530952
6.9,17.396059
195.3,20.170527
0.9,19.202648
4.9,14.956439
1.2,15.764045
13.3,12.6961775
2.0,10.798734
3.6,15.608989
3.6,7.3067074
3.6,9.57638
3.6,11.712647
3.6,9.875751
5.1,15.770967
0.0,13.687091
3.6,13.530337
3.6,14.222502
178.9,15.223431
0.0,11.862577
3.6,12.071665
3.6,15.739563
8.9,12.283464
0.1,10.6359415
23.6,12.010501
3.6,10.461032
1.4,12.177049
3.0,14.419059
9.8,11.898172
3.6,10.747763
3.6,11.985983
3.6,8.090176
3.6,8.2968025
3.6,5.8678956
3.6,9.012176
3.6,9.266562
0.4,10.936171
1.0,10.268309
3.6,10.020582
48.8,8.240869
0.3,9.349332
1.7,7.340686
9.2,13.241596
21.4,7.9386363
0.5,8.830987
0.5,9.104713
3.6,4.9175625
3.6,5.994721
3.6,4.2931685
3.6,4.293007
3.6,5.0646024
3.6,3.6410007
3.6,0.6729744
3.6,5.4694653
3.6,5.11061
3.6,7.847081
