Predicted,Actual
12.44,0.6
11.01,2.7
13.17,8.5
7.91,0.5
17.28,4.2
21.71,25.2
12.84,40.6
6.7,9.7
4.3,0.0
7.11,29.5
10.78,31.7
2.22,8.2
4.9,1.8
9.57,1.8
11.68,33.3
13.91,16.6
9.92,8.6
6.99,0.0
6.01,18.2
14.67,4.4
7.99,0.0
8.88,0.0
5.71,0.0
4.41,14.6
14.13,0.5
12.4,0.0
19.17,15.2
13.93,14.0
13.17,0.4
4.86,12.0
18.82,31.0
12.39,7.2
2.88,0.0
2.87,0.0
13.62,0.0
10.9,0.0
4.17,13.5
9.25,1.4
7.87,0.0
9.1,0.0
10.05,0.0
9.98,1.0
9.91,0.0
8.61,11.8
7.55,0.0
4.03,0.1
3.59,18.0
13.94,0.0
7.44,0.0
5.21,0.2
9.25,1.2
14.19,3.1
8.57,0.3
9.94,4.6
1.8,0.0
-1.57,0.0
-0.49,0.0
-12.48,0.0
-0.93,0.0
4.73,0.0
1.97,0.0
3.06,0.0
5.47,0.0
4.68,1.5
4.22,0.0
-2.58,21.3
11.31,1.8
9.77,10.0
16.05,33.8
17.15,18.0
7.43,0.0
11.95,27.3
7.95,28.7
6.06,0.8
6.4,52.1
16.24,59.0
22.82,32.8
17.97,29.0
11.19,31.6
19.23,33.2
13.37,9.0
7.6,0.0
10.3,0.0
10.04,0.0
3.7,58.9
12.7,0.0
13.06,4.0
11.51,0.0
8.74,0.0
6.32,10.5
6.32,10.5
6.32,10.5
6.32,10.5
6.32,10.5
6.32,10.5
6.32,10.5
6.32,10.5
6.32,10.5
6.32,10.5
6.32,10.5
6.32,10.5
6.32,10.5
6.32,10.5
6.32,10.5
6.32,10.5
6.32,10.5
6.32,10.5
6.32,10.5
6.32,10.5
6.32,10.5
6.32,10.5
6.32,10.5
6.32,10.5
6.32,10.5
6.32,10.5
6.32,10.5
6.32,10.5
6.32,10.5
6.32,10.5
6.32,10.5
16.33,0.0
10.47,0.0
13.71,43.8
10.12,0.0
14.8,0.0
21.66,0.0
13.91,0.0
17.37,0.0
12.02,12.0
15.87,0.0
19.72,27.8
17.9,16.0
5.0,0.0
13.81,12.0
11.67,0.0
7.7,0.0
14.94,4.0
14.66,5.8
18.21,43.4
20.8,0.0
14.43,48.8
9.6,9.2
19.45,5.1
16.41,4.0
13.58,13.0
14.46,0.7
13.95,14.5
13.39,0.5
13.32,0.0
8.02,0.0
12.56,0.0
15.28,3.2
14.01,14.1
15.81,115.4
16.02,17.7
17.19,15.9
15.33,0.0
13.1,11.5
13.75,19.0
17.63,2.0
16.32,6.0
12.21,0.2
12.42,10.5
18.76,20.2
14.5,0.3
15.94,10.1
12.1,12.4
14.23,1.0
16.23,5.2
16.81,0.0
9.36,0.0
14.17,83.4
16.72,0.8
14.88,0.0
12.82,0.0
13.28,0.4
14.51,8.2
17.59,23.2
22.14,0.0
11.07,0.0
13.35,0.0
13.35,0.0
13.35,0.0
13.35,0.0
13.35,0.0
13.35,0.0
13.35,0.0
13.35,0.0
13.35,0.0
13.35,0.0
13.35,0.0
13.35,0.0
13.35,0.0
13.35,0.0
13.35,0.0
13.35,0.0
13.35,0.0
13.35,0.0
13.35,0.0
13.35,0.0
13.35,0.0
13.35,0.0
13.35,0.0
13.35,0.0
13.35,0.0
13.35,0.0
13.35,0.0
13.35,0.0
13.35,0.0
13.35,0.0
13.35,0.0
13.35,0.0
22.15,0.0
14.35,2.2
9.05,13.0
11.93,25.8
13.78,4.2
15.64,77.6
16.76,15.4
17.13,6.6
15.93,0.0
19.72,11.0
14.57,6.4
14.69,14.9
13.99,4.0
12.06,0.0
2.98,1.3
12.74,73.4
18.37,6.5
21.4,14.7
11.09,2.8
11.4,6.4
12.83,1.8
13.83,3.4
12.72,80.9
22.24,39.2
18.01,6.9
17.4,0.0
15.36,5.1
15.21,0.6
15.73,37.3
15.64,4.6
13.89,27.1
13.89,27.1
13.89,27.1
13.89,27.1
13.89,27.1
13.89,27.1
13.89,27.1
13.89,27.1
13.89,27.1
13.89,27.1
13.89,27.1
13.89,27.1
13.89,27.1
13.89,27.1
13.89,27.1
13.89,27.1
13.89,27.1
13.89,27.1
13.89,27.1
13.89,27.1
13.89,27.1
13.89,27.1
13.89,27.1
13.89,27.1
13.89,27.1
13.89,27.1
13.89,27.1
13.89,27.1
13.89,27.1
13.89,27.1
13.89,27.1
12.09,0.6
15.33,0.9
15.29,17.4
15.42,1.0
10.47,3.4
10.34,22.8
15.94,2.4
14.98,3.0
10.57,4.0
20.06,25.8
7.41,0.0
11.99,0.3
12.55,0.3
5.69,0.0
3.6,0.0
0.33,0.0
5.08,0.0
3.8,0.0
2.52,1.6
11.97,4.2
12.23,28.0
4.34,0.0
6.47,18.8
13.66,8.6
10.0,15.0
7.87,0.0
8.42,37.3
15.68,8.2
10.27,2.2
13.4,2.8
8.31,0.2
4.53,0.0
7.74,2.0
16.92,52.2
4.92,0.0
16.74,0.0
8.84,0.0
12.04,18.6
6.35,0.0
9.47,0.0
9.46,0.5
6.02,18.4
11.49,40.8
13.34,4.2
13.41,0.8
18.18,0.0
19.64,13.6
16.97,0.0
10.94,21.8
8.54,0.0
8.92,0.0
11.63,0.0
17.26,30.0
12.76,5.2
8.48,0.0
7.39,0.0
10.14,0.0
14.27,0.0
18.13,0.0
12.14,1.8
7.52,1.5
11.55,1.6
3.8,0.0
9.48,3.8
5.83,40.0
14.88,10.8
5.26,10.0
15.83,23.6
17.54,7.0
7.82,2.5
7.78,0.1
12.46,3.0
2.41,20.5
3.47,0.0
3.23,1.4
10.97,1.5
10.15,0.5
7.04,0.0
11.5,0.2
12.45,61.5
4.25,15.2
10.44,6.4
9.49,0.1
5.19,8.9
16.63,51.0
16.27,4.3
18.41,27.6
9.53,0.0
10.15,3.0
18.86,4.3
9.94,15.4
15.4,48.3
21.94,18.8
4.47,2.5
5.54,0.0
7.33,0.0
3.62,0.0
6.97,5.6
16.74,12.0
6.77,0.0
10.92,8.0
7.36,0.0
11.04,0.0
9.06,30.8
19.64,51.5
2.78,2.0
15.54,26.1
14.2,0.0
18.46,28.5
6.07,0.0
3.42,0.4
4.07,0.0
16.52,0.0
15.45,9.6
10.35,0.0
9.17,0.0
7.48,20.2
15.83,3.3
9.68,5.5
1.21,0.0
19.48,15.3
12.67,2.5
11.52,4.0
1.05,0.0
10.03,41.6
13.14,0.0
12.92,3.0
6.72,0.0
11.5,37.4
14.2,70.7
13.3,0.0
6.43,1.0
5.08,2.3
2.8,2.3
2.88,2.0
13.49,12.0
15.5,1.5
12.5,0.0
11.82,9.4
11.33,0.5
8.82,13.8
7.28,0.0
10.74,58.5
3.69,2.0
15.12,41.3
21.7,34.3
9.12,0.0
14.83,18.0
1.63,0.0
8.26,0.0
10.27,4.2
14.81,0.0
13.8,0.0
22.7,0.0
8.91,0.0
11.04,0.0
7.97,0.0
14.74,0.0
11.64,0.0
6.16,2.7
12.03,23.0
14.96,6.8
11.21,5.0
7.92,0.0
7.99,0.0
17.78,6.3
14.64,0.0
13.4,4.6
10.81,1.2
6.51,4.6
14.8,0.0
14.13,12.5
15.26,0.0
10.6,2.4
14.47,17.0
14.85,75.0
11.52,0.0
18.71,17.3
9.49,2.0
7.55,0.0
5.9,0.0
5.67,0.0
9.7,0.3
9.9,0.0
1.27,0.0
11.54,46.6
16.32,0.0
7.84,0.0
17.04,6.9
10.71,16.4
12.6,0.0
2.29,0.2
6.62,2.0
12.61,1.0
9.7,0.8
10.36,0.1
12.42,0.0
11.33,49.9
20.45,86.7
6.83,0.0
11.89,2.9
13.59,2.4
8.09,4.3
12.07,1.0
13.43,6.4
12.64,8.2
14.07,20.0
15.37,2.4
18.66,27.1
10.58,0.6
15.74,9.5
13.4,7.4
14.59,0.3
20.85,85.2
7.79,0.0
11.02,0.2
11.49,0.0
9.04,0.0
11.54,0.0
17.25,0.3
17.92,0.0
15.16,1.9
17.01,1.0
13.82,0.1
16.18,0.0
21.77,46.6
7.03,0.0
7.51,0.0
12.86,0.0
17.14,0.7
17.01,60.0
13.15,2.0
12.04,0.0
12.53,1.2
14.79,13.2
19.53,12.6
17.24,0.0
14.59,78.3
18.52,8.9
19.32,41.0
8.85,0.0
13.36,0.0
22.16,44.6
16.44,12.0
16.67,55.0
19.41,58.0
16.62,6.0
11.63,0.0
13.79,0.0
17.68,15.2
16.31,12.0
19.54,53.6
21.3,34.6
15.62,13.2
17.45,184.0
17.89,19.5
22.9,0.0
22.59,38.0
20.25,128.6
18.54,17.8
21.13,0.0
17.24,22.4
15.98,94.0
17.19,0.0
11.69,0.0
9.18,1.6
14.73,0.0
20.19,15.0
13.7,0.0
19.21,2.9
7.83,43.2
13.49,0.5
14.4,0.0
8.58,38.6
17.53,2.0
16.76,1.8
15.99,16.1
15.51,1.5
15.04,3.5
16.02,6.0
7.47,0.0
15.87,1.1
13.05,0.0
12.38,0.0
12.85,0.8
13.71,10.0
16.48,22.0
12.87,0.0
14.5,15.6
13.65,1.1
16.38,46.6
25.1,42.0
14.57,46.3
25.1,55.7
15.88,4.1
16.68,0.0
13.82,0.8
9.64,0.5
10.66,0.0
6.43,0.0
7.01,0.0
15.64,11.0
15.46,1.8
14.31,0.4
12.0,0.4
12.14,0.6
7.39,1.5
12.69,0.0
13.96,0.3
10.79,7.3
17.51,6.5
17.42,1.8
16.31,22.8
19.33,1.0
13.74,4.5
12.79,18.0
13.49,0.0
13.66,0.0
16.58,0.0
11.81,0.5
18.17,0.0
17.71,19.9
8.79,18.9
11.45,0.3
19.43,1.0
11.0,5.8
15.44,6.1
13.65,1.2
14.84,8.0
17.86,0.0
18.57,0.5
19.52,6.1
19.83,4.1
16.8,168.3
15.42,4.0
15.46,26.3
15.18,5.5
18.89,1.3
15.2,0.0
14.77,5.3
20.64,46.9
17.13,2.8
19.23,1.0
16.25,2.4
18.66,4.1
15.46,0.0
16.83,3.0
7.41,0.0
17.63,3.6
14.68,0.3
14.72,2.0
13.71,1.6
13.19,2.0
15.61,0.6
15.2,1.2
17.82,1.9
14.01,3.0
13.92,25.2
19.98,204.0
19.47,0.8
14.46,0.0
11.68,2.0
14.02,36.0
15.49,0.0
10.97,0.0
12.16,0.0
18.99,0.0
19.55,69.7
13.96,1.4
19.01,4.5
7.77,3.0
11.77,0.0
10.35,2.8
17.5,0.0
15.1,28.0
10.28,0.5
16.38,0.0
15.5,0.0
21.66,5.0
10.72,22.3
12.01,0.2
12.32,2.8
10.53,27.0
12.75,0.0
8.95,8.2
11.28,0.0
13.05,14.7
12.03,6.4
13.14,0.8
11.23,1.3
10.82,0.0
14.29,2.0
11.95,2.8
16.01,2.2
9.86,4.6
6.05,0.0
3.29,0.2
4.94,0.0
9.28,6.1
8.91,9.6
14.95,47.5
12.28,0.0
6.07,6.6
8.79,24.0
8.88,0.0
5.21,0.6
6.07,0.0
4.19,0.0
6.71,0.0
4.26,0.0
1.84,0.0
15.9,49.6
11.12,0.0
1.79,0.0
3.29,0.0
9.12,0.0
0.19,0.0
4.65,0.0
3.26,0.0
18.85,29.2
7.08,0.0
6.96,0.0
8.05,0.0
5.24,24.4
14.56,41.5
10.02,1.9
7.55,0.0
15.42,2.5
12.14,58.7
18.31,28.7
13.18,28.5
13.72,27.7
13.19,28.8
15.25,0.0
9.54,2.7
17.64,0.8
6.38,0.0
1.08,0.0
6.66,0.0
6.08,1.5
9.54,0.0
12.75,0.0
6.73,2.8
15.48,12.9
9.53,1.5
3.17,0.0
5.83,3.4
13.87,9.2
-2.15,0.0
6.66,2.9
-1.02,0.0
1.23,3.0
14.21,30.0
20.08,24.5
17.1,1.2
8.08,21.2
17.33,40.4
19.28,23.8
15.03,26.7
13.93,11.0
13.13,57.6
14.02,0.2
14.06,0.3
7.88,9.0
8.28,0.8
10.05,0.0
7.63,0.0
5.14,0.0
4.89,1.4
15.93,0.0
7.56,42.5
11.24,49.5
17.36,3.6
8.85,0.0
9.83,0.0
13.53,17.0
10.95,2.0
5.54,2.1
8.53,3.4
5.15,0.0
-2.05,0.0
1.71,0.0
6.67,0.0
5.68,0.0
2.2,3.0
1.56,0.0
-5.49,0.0
6.69,0.0
-2.19,13.8
9.71,2.3
4.59,0.0
9.99,40.8
9.45,0.5
6.93,0.0
2.62,1.6
5.3,0.0
0.49,0.9
6.29,2.8
13.89,3.3
18.19,0.6
11.39,18.6
10.23,0.2
6.79,0.0
10.84,19.2
9.76,0.0
8.89,1.2
12.47,38.6
14.19,6.4
8.29,0.0
16.76,16.4
10.5,0.0
14.94,16.5
8.81,0.0
7.48,0.0
8.57,39.6
12.96,0.0
9.93,5.2
9.72,0.2
17.66,62.4
9.9,10.9
15.35,7.1
15.13,26.3
15.59,5.9
14.69,4.9
12.21,3.8
14.74,13.9
14.96,34.6
12.97,3.1
15.73,31.9
13.54,2.7
15.69,13.4
13.83,111.4
11.59,0.5
11.73,0.5
13.91,10.3
8.69,0.4
10.33,0.0
9.77,0.0
5.93,3.0
12.2,66.0
14.98,39.2
8.2,8.8
10.65,0.3
12.93,25.9
3.25,0.3
15.59,2.0
8.4,0.0
11.15,2.2
7.34,0.3
11.02,1.0
9.51,0.0
7.86,5.9
9.98,1.5
3.04,2.6
10.63,0.0
8.73,0.0
6.16,2.0
7.13,0.0
5.39,0.0
10.65,1.3
10.99,1.8
9.68,0.0
7.37,0.0
11.92,0.0
12.62,4.4
6.24,0.0
9.67,0.0
10.06,0.4
11.56,9.8
12.06,0.3
11.4,2.4
10.56,9.8
12.41,2.4
8.56,27.6
8.04,0.0
10.5,0.0
19.96,62.4
10.33,0.0
15.32,58.6
12.6,0.2
14.32,0.0
15.52,66.0
12.25,18.9
12.54,2.4
12.84,8.0
11.96,0.5
13.5,4.2
11.54,0.6
13.47,0.0
8.73,0.0
15.05,8.8
13.91,32.0
13.17,1.4
13.53,54.4
8.65,22.2
9.3,16.6
13.7,13.0
15.95,3.2
13.74,28.0
17.12,66.1
10.67,0.2
14.21,18.8
18.71,26.5
14.31,23.9
17.39,71.4
16.01,0.0
14.81,71.1
13.28,0.0
16.49,73.0
7.99,0.0
15.72,33.6
16.2,6.8
12.3,7.9
16.38,2.6
16.07,6.0
13.78,0.5
18.72,86.5
18.9,2.2
15.91,0.2
9.57,111.4
21.91,134.0
17.47,3.8
14.04,0.0
11.96,0.0
11.23,17.0
14.1,0.8
12.01,0.0
11.1,12.6
14.63,1.6
19.84,68.8
23.01,18.4
12.97,57.0
21.55,106.0
18.72,16.2
20.08,204.7
20.48,224.6
17.35,3.0
16.33,9.2
15.88,28.2
11.9,5.0
15.35,3.0
14.88,0.0
14.02,1.5
15.27,14.2
11.7,0.0
16.27,17.0
17.81,15.9
18.33,29.0
21.52,18.8
17.09,2.2
20.68,6.0
16.69,5.6
17.04,4.6
17.69,0.7
19.77,21.9
11.06,3.8
17.55,66.0
17.59,16.0
18.76,3.0
18.36,1.2
19.75,6.0
16.89,18.2
11.98,0.0
13.37,4.6
15.49,36.2
16.52,10.0
5.88,0.0
9.61,13.6
11.45,0.0
12.84,3.6
10.31,3.6
13.57,1.4
15.05,1.4
18.23,1.4
11.17,0.3
21.77,4.6
15.87,17.2
17.49,17.2
20.69,0.4
14.93,6.8
17.04,6.8
17.77,2.5
24.9,15.0
18.92,9.0
19.6,4.4
20.62,0.3
16.63,24.8
18.95,9.0
12.96,9.0
17.66,48.0
20.55,48.0
14.55,9.0
20.92,14.0
19.29,3.2
19.42,5.2
18.13,8.0
18.67,1.0
22.3,80.1
19.19,8.4
18.09,108.2
15.88,28.8
19.1,3.2
24.82,6.4
23.22,95.1
17.39,19.4
15.06,0.0
18.12,0.0
16.41,50.4
17.37,2.2
12.66,0.6
19.21,30.1
20.53,17.5
16.4,3.0
21.62,16.0
18.49,6.8
13.59,0.6
13.53,0.2
12.25,0.2
11.29,0.0
13.79,0.0
14.37,0.0
15.28,0.0
13.48,36.0
16.9,10.0
20.47,29.0
17.15,27.0
16.33,0.0
12.3,1.4
14.37,0.0
9.12,0.0
14.34,0.6
6.65,0.0
9.26,0.0
9.1,0.0
9.8,0.0
10.18,0.0
7.93,0.0
11.02,0.0
8.24,0.0
5.6,0.0
8.28,0.0
11.89,0.0
11.64,0.2
10.08,0.2
13.54,2.6
10.67,27.0
15.68,27.0
5.95,18.2
11.6,18.2
9.59,10.9
2.63,1.2
7.13,0.0
13.94,20.2
7.92,5.9
7.28,0.0
11.22,0.0
6.83,3.6
8.04,3.6
14.99,1.8
10.22,1.2
11.4,1.2
15.47,76.4
10.68,16.1
10.54,0.0
12.74,1.5
7.07,0.0
6.95,1.0
12.48,4.9
10.3,1.0
12.98,66.1
6.75,0.0
4.79,0.0
7.51,0.0
8.77,52.3
18.34,0.5
7.78,0.0
5.26,11.8
8.06,6.5
13.2,11.7
10.48,2.0
8.82,0.9
8.01,2.5
8.99,0.0
10.03,0.0
8.43,0.0
-0.26,0.0
9.97,0.0
11.18,0.0
2.78,0.0
3.95,0.0
6.62,1.8
3.85,1.5
3.38,0.0
6.31,0.0
2.65,0.0
6.96,0.0
9.1,17.0
15.77,10.0
14.07,8.0
16.64,4.0
13.57,7.0
12.59,1.0
9.4,0.0
14.1,0.0
18.78,3.0
6.89,0.0
3.86,0.0
7.44,0.0
6.0,0.0
7.24,50.0
9.63,0.0
4.35,35.0
11.4,4.0
10.94,22.0
9.91,43.0
4.15,0.0
3.7,0.0
18.33,0.0
15.63,84.0
15.0,37.0
6.04,22.0
6.83,0.0
14.25,11.0
14.02,8.7
13.85,20.5
13.93,7.0
15.09,1.0
13.59,1.2
14.6,10.2
15.2,15.4
14.72,0.0
14.32,0.0
15.51,7.4
15.4,12.2
15.96,32.8
14.31,8.4
14.67,10.8
14.0,4.4
13.69,0.0
14.55,7.0
13.01,2.3
12.54,0.0
13.37,0.0
14.83,36.4
14.2,0.0
13.28,2.7
13.99,1.0
13.25,3.0
13.91,31.3
13.37,39.3
14.8,16.9
13.97,6.1
14.19,0.0
13.5,0.0
13.9,1.2
16.23,2.6
14.7,0.0
14.32,30.4
15.58,2.6
15.41,10.3
16.88,3.0
13.67,2.2
14.28,8.0
24.01,0.0
14.4,0.0
13.52,0.0
15.24,0.0
12.8,23.1
14.97,2.6
13.64,2.0
13.24,7.1
13.65,9.2
15.83,73.2
14.69,4.6
16.54,0.0
14.37,0.0
14.61,0.0
13.07,10.0
13.12,17.6
15.56,7.4
15.31,0.0
12.72,1.0
13.47,0.2
13.78,18.2
14.65,0.2
13.13,1.2
14.85,1.1
14.46,6.8
14.02,1.8
13.95,1.6
13.3,1.4
15.37,19.5
13.63,18.4
16.88,22.8
16.24,8.8
14.42,0.0
14.47,0.0
14.35,0.0
14.5,0.0
14.53,0.0
15.02,0.0
14.6,0.0
13.74,0.0
14.04,0.1
13.49,0.0
13.34,0.0
14.26,1.0
13.75,0.3
13.19,0.0
13.97,0.0
13.84,1.4
14.57,45.6
14.27,0.0
13.54,0.0
14.23,72.8
13.71,3.6
13.21,4.4
14.46,1.2
14.14,33.6
13.88,3.0
13.73,27.8
15.41,144.2
15.59,2.2
15.65,45.0
14.88,2.2
14.57,30.0
15.17,19.2
14.5,2.8
14.23,4.6
14.84,0.0
14.38,0.0
14.14,2.4
14.58,39.4
15.55,81.0
14.52,0.0
14.79,0.0
14.54,13.2
15.14,43.2
14.29,18.2
14.87,8.0
15.18,0.0
14.84,0.0
14.64,8.1
15.27,35.4
14.63,27.1
14.53,9.2
14.74,4.0
14.99,0.8
17.69,96.0
15.16,56.4
15.06,4.2
15.7,1.5
15.61,4.5
15.06,0.0
15.04,4.6
15.56,0.0
17.04,2.5
15.28,66.5
14.6,1.2
16.13,26.0
15.54,26.0
15.05,1.9
15.24,2.9
15.21,18.8
14.57,26.4
14.75,14.3
14.93,2.3
15.78,10.6
15.31,0.5
14.58,35.6
14.01,1.5
16.15,0.0
16.02,0.0
15.51,3.2
14.93,16.8
16.89,7.4
15.63,0.0
15.39,0.8
15.35,2.6
16.0,15.6
15.2,28.0
15.42,0.0
15.07,18.5
15.6,3.2
14.45,0.8
15.74,50.1
15.1,0.6
16.59,5.6
15.26,12.2
15.71,8.6
15.48,0.4
15.88,17.3
14.46,3.6
14.67,0.0
17.78,0.0
14.14,0.0
15.82,2.0
15.44,0.0
14.09,3.2
15.93,2.8
15.75,37.6
16.53,52.2
15.88,1.8
15.58,6.0
15.89,6.0
16.01,4.8
16.25,0.0
15.26,34.0
15.77,6.0
15.74,1.6
15.68,1.8
15.25,37.4
15.44,14.9
15.36,0.0
15.42,7.8
16.98,63.3
16.7,0.0
16.19,45.6
16.19,3.2
16.14,54.6
16.12,5.8
16.61,2.4
15.23,1.8
15.77,4.6
16.29,26.8
16.09,6.6
15.76,0.6
15.16,67.6
17.64,50.2
15.31,11.2
16.51,90.8
17.32,4.4
16.24,0.0
15.99,25.4
16.74,80.0
16.6,16.4
16.33,22.3
16.38,0.0
17.47,4.0
16.76,0.0
16.45,0.0
16.31,0.0
16.92,13.5
16.92,49.3
17.59,8.0
16.63,23.8
16.88,20.9
16.61,0.0
16.05,0.0
16.65,0.0
16.16,0.0
16.57,5.5
16.19,21.3
16.99,128.3
16.64,2.5
15.15,0.0
15.77,0.0
16.69,0.0
15.58,0.0
16.11,12.5
14.3,1.5
15.56,41.7
15.85,47.6
14.94,0.6
15.86,0.0
16.28,0.0
16.99,6.4
15.69,95.1
18.4,19.4
17.06,0.4
16.53,0.0
16.29,50.4
15.76,2.4
16.12,0.0
17.01,30.1
17.15,17.5
17.14,2.3
14.26,16.0
16.27,6.8
16.28,0.6
16.63,0.2
15.23,0.2
15.66,0.0
16.76,0.0
16.12,0.0
15.67,0.0
16.83,39.9
15.53,10.0
15.92,29.0
15.92,27.0
15.72,0.0
15.62,1.4
15.91,0.0
16.16,0.0
14.75,0.6
14.73,0.0
13.69,0.0
16.93,0.0
17.93,0.0
17.83,0.0
16.26,0.0
15.52,0.0
14.48,0.0
13.54,0.0
15.14,0.0
14.78,0.0
16.17,0.0
15.73,0.0
15.07,0.0
14.61,0.0
14.49,0.0
15.09,0.0
14.35,0.0
13.8,0.0
14.13,0.0
14.04,0.0
14.31,0.0
14.44,0.0
14.71,0.0
14.98,0.0
15.48,0.0
15.12,0.0
15.09,0.0
14.66,0.0
15.85,0.0
13.96,0.0
14.24,0.0
13.41,0.0
14.21,0.0
12.78,18.8
13.77,0.0
14.21,6.0
15.71,5.9
13.83,0.0
15.53,19.8
15.54,42.8
14.74,0.2
12.81,0.0
12.69,0.0
12.6,0.6
14.31,13.0
13.01,0.0
13.61,0.0
12.87,4.0
13.21,16.2
13.57,3.8
17.39,16.4
14.52,0.0
14.02,0.0
14.44,6.0
14.47,1.6
13.03,0.0
13.84,4.8
12.47,13.4
15.28,2.2
14.12,13.0
14.12,1.2
12.79,2.0
12.46,6.4
12.84,57.6
13.44,5.8
14.0,0.0
12.33,0.0
12.56,2.0
12.6,8.4
12.19,0.0
14.24,3.4
13.89,6.2
12.75,6.2
12.87,15.4
12.36,0.8
15.43,2.6
12.94,2.8
12.62,1.9
13.31,0.0
13.21,6.0
14.26,4.6
14.91,3.8
13.83,0.8
12.75,4.0
15.73,0.6
14.59,0.0
12.72,0.0
15.27,4.4
13.63,9.4
11.72,0.0
11.25,18.1
14.1,0.0
4.81,0.0
3.93,0.0
4.23,0.0
3.7,0.0
4.34,0.0
3.35,0.0
5.1,0.0
4.63,0.0
4.57,0.0
4.25,0.0
3.3,0.0
3.96,0.0
3.65,0.0
3.71,0.0
3.57,0.0
4.47,0.0
4.97,0.0
3.89,0.0
2.09,0.0
4.6,0.0
5.85,0.0
4.91,0.0
4.81,0.0
3.88,0.0
5.04,0.0
4.26,0.0
4.46,0.0
5.33,0.0
4.53,0.0
5.81,0.0
3.87,0.0
6.3,0.0
5.5,0.0
5.87,0.0
5.31,0.0
4.57,0.0
4.9,0.0
6.15,0.0
5.11,0.0
5.76,0.0
7.57,0.0
5.6,0.0
6.53,0.0
5.94,0.0
5.63,0.0
6.49,0.0
6.09,0.0
6.04,0.0
6.9,0.0
5.99,0.0
6.17,0.0
6.11,0.0
6.27,0.0
5.13,0.0
6.0,0.0
5.63,0.0
15.7,0.0
4.36,0.0
5.0,0.0
2.73,0.0
2.77,2.0
-3.41,6.4
3.86,57.2
2.43,5.8
1.76,0.0
3.57,0.0
1.65,2.0
3.92,8.4
2.8,0.0
3.63,3.4
2.84,6.2
4.17,0.0
4.34,15.4
4.79,0.0
4.35,2.6
4.08,2.6
4.05,3.1
4.65,0.0
13.77,6.0
4.31,4.6
8.85,3.8
4.86,0.8
3.94,4.0
12.95,0.6
9.28,0.0
13.22,0.0
36.68,4.4
42.75,9.4
42.75,0.0
42.75,18.1
5.92,0.0
5.63,0.0
5.69,0.0
4.58,0.0
4.78,0.0
4.96,0.0
5.2,0.0
5.87,0.0
5.55,0.0
5.72,0.0
4.76,0.0
4.56,0.0
4.84,0.0
4.94,0.0
4.92,0.0
5.77,0.0
4.88,0.0
5.53,0.0
5.24,0.0
5.45,0.0
4.95,0.0
5.54,0.0
4.58,0.0
5.75,0.0
4.37,0.0
4.57,0.0
5.45,0.0
5.0,0.0
4.86,0.0
5.23,0.0
2.73,3.4
2.77,0.0
-3.41,0.8
3.86,0.0
2.43,0.0
1.76,5.8
3.57,6.2
1.65,0.0
3.92,7.2
2.8,12.4
3.63,0.0
2.84,19.2
3.37,0.0
3.71,0.0
4.79,31.0
3.92,1.2
2.49,1.6
2.83,0.0
4.57,0.4
2.23,2.8
2.04,0.0
2.51,0.0
4.86,2.6
2.18,0.6
2.74,0.0
3.45,17.9
2.05,0.0
2.54,3.6
2.79,30.6
4.25,23.0
4.06,29.6
3.14,2.0
4.95,1.0
3.8,0.0
4.18,11.0
2.82,0.0
4.26,7.6
4.55,0.0
4.93,0.0
3.04,5.0
2.92,8.8
5.71,10.2
5.1,72.8
4.96,42.1
5.37,9.8
5.27,0.0
5.4,29.0
5.39,65.8
5.64,2.9
5.37,0.6
5.03,0.0
5.04,63.4
5.44,0.4
4.08,0.8
4.18,0.0
6.14,0.1
5.21,0.2
5.29,1.4
4.79,9.0
5.05,0.8
18.79,14.7
5.83,64.8
5.9,3.0
5.15,1.0
5.71,12.0
5.89,3.0
6.29,5.0
5.18,9.6
5.24,0.6
3.49,15.8
4.34,0.8
4.0,0.0
4.54,3.6
5.6,0.0
4.91,20.6
4.4,1.8
4.38,2.2
4.97,0.0
5.43,1.0
4.65,0.0
5.58,0.0
6.6,2.0
5.9,2.8
5.25,24.4
4.44,0.8
4.31,0.0
6.55,7.2
5.48,0.6
5.61,2.0
5.34,1.0
4.57,3.9
4.63,1.2
4.04,1.2
3.81,0.2
5.68,15.1
6.27,2.8
6.6,0.0
4.42,8.4
4.17,1.2
3.98,8.0
6.33,1.6
4.6,4.4
6.16,0.2
4.35,2.2
5.81,1.0
5.46,10.0
5.48,33.8
5.85,7.2
6.64,28.6
5.54,24.4
5.37,6.6
5.41,6.4
6.26,0.8
5.93,1.6
6.65,0.2
6.43,23.0
5.7,1.0
6.79,0.4
5.4,39.0
6.21,0.0
6.29,0.3
5.39,3.2
6.45,0.0
7.07,38.6
7.73,0.2
6.94,0.0
5.71,0.0
6.43,0.2
5.47,10.6
4.46,0.4
6.56,4.0
7.16,5.6
4.45,0.8
6.63,0.0
4.36,0.0
7.21,0.0
5.54,0.9
4.25,7.4
5.03,1.6
4.48,0.0
5.53,0.0
6.11,10.6
4.57,8.0
5.04,0.0
3.69,0.0
5.06,0.0
4.09,0.0
4.45,1.0
5.85,0.0
3.75,6.6
4.21,0.0
4.91,0.0
6.23,0.0
4.71,0.1
4.02,0.0
4.85,0.0
4.04,0.0
4.26,0.0
4.01,0.0
3.46,0.0
4.2,0.0
4.91,0.0
5.17,1.2
1.66,0.0
3.11,0.0
4.49,0.0
4.56,0.0
2.45,4.5
2.97,5.5
4.37,7.6
3.05,0.0
2.9,0.0
4.1,3.2
4.65,9.8
2.34,0.0
3.15,0.0
2.53,0.0
4.05,0.3
3.8,1.0
3.21,0.0
3.59,0.0
2.56,0.0
2.4,0.0
2.7,0.0
4.2,0.0
3.12,0.4
2.81,2.0
2.72,0.0
4.63,8.2
4.59,0.4
4.29,0.0
3.23,0.0
2.83,11.2
5.43,0.0
3.65,0.0
3.2,0.0
1.84,0.0
4.0,0.0
1.88,0.0
2.58,30.0
4.2,1.2
3.7,3.4
3.38,5.0
4.97,3.2
3.07,2.2
3.96,26.8
2.06,0.0
2.28,23.4
4.69,0.0
3.64,14.2
3.04,2.8
3.09,0.0
2.94,0.0
6.3,31.0
4.94,3.0
2.14,0.0
2.21,2.0
3.36,18.0
5.03,20.0
4.87,16.8
5.0,47.2
2.73,0.0
3.39,0.0
1.98,4.2
2.61,0.0
2.21,0.0
1.41,0.0
3.25,0.0
2.77,12.0
2.17,0.0
2.78,2.0
4.96,0.0
3.73,5.4
4.21,6.6
2.66,0.0
3.34,0.0
5.05,0.0
1.86,1.8
2.32,10.4
1.59,26.0
3.1,1.1
3.17,18.6
4.22,1.8
3.28,5.4
4.42,15.6
11.23,8.9
9.23,8.0
10.69,8.8
9.73,4.4
11.44,14.9
10.74,20.4
13.47,6.8
11.14,0.0
10.06,-1.6
9.89,1.5
10.08,7.2
10.0,-3.7
8.42,-2.3
9.08,2.1
10.58,14.5
12.19,8.8
11.65,6.5
10.9,0.1
11.29,0.7
10.79,11.6
9.9,1.5
10.25,4.3
10.39,0.3
10.36,-3.0
9.76,10.9
10.63,6.6
12.02,17.5
9.88,14.0
10.02,11.1
12.63,-0.5
10.63,18.6
11.38,9.2
11.03,-5.0
10.88,-2.4
9.58,11.9
10.67,8.7
9.82,-1.7
11.48,3.2
9.33,2.4
9.17,3.1
10.29,3.9
10.46,6.4
9.91,5.6
9.95,1.5
10.0,2.5
7.76,-2.9
11.34,-2.8
10.92,11.2
9.29,2.6
9.55,-0.5
10.52,5.3
10.91,11.8
10.55,4.2
10.87,3.3
9.14,-5.5
9.2,-8.7
9.37,3.5
9.28,-22.5
9.28,-8.5
11.0,0.4
9.25,-5.8
9.95,-3.0
9.43,0.5
10.32,-1.6
8.72,-2.3
11.45,-12.0
11.01,10.1
10.11,5.3
13.3,14.0
11.8,14.2
9.97,3.0
12.78,11.0
11.38,4.1
10.08,0.6
12.73,-0.2
14.6,12.4
13.17,23.6
12.7,14.8
12.57,7.5
13.0,18.2
11.1,7.8
10.19,2.1
10.58,5.6
10.02,7.1
13.13,-4.1
10.98,10.3
10.39,12.3
10.03,9.6
10.75,2.5
10.7,5.6
10.74,9.0
10.74,9.0
10.74,9.0
10.74,9.0
10.74,9.0
10.74,9.0
10.74,9.0
10.74,9.0
10.74,9.0
10.74,9.0
10.74,9.0
10.74,9.0
10.74,9.0
10.74,9.0
10.74,9.0
10.74,9.0
10.74,9.0
10.74,9.0
10.74,9.0
10.74,9.0
10.74,9.0
10.74,9.0
10.74,9.0
10.74,9.0
10.74,9.0
10.74,9.0
10.74,9.0
10.74,9.0
10.74,9.0
10.74,9.0
10.84,14.6
9.39,7.0
12.94,10.8
9.73,6.4
9.7,13.5
11.64,21.1
10.37,10.6
10.52,16.1
10.36,7.8
10.53,14.6
13.91,20.9
11.37,17.0
11.35,-0.6
10.23,9.6
10.53,8.1
10.27,2.7
10.27,11.7
13.52,13.5
13.94,19.0
9.96,22.6
13.09,12.0
10.68,5.3
11.24,17.6
11.13,12.5
10.86,10.7
10.32,12.8
11.24,10.5
11.42,11.1
9.88,11.0
10.32,2.6
10.35,8.4
11.03,12.5
11.5,12.3
17.64,14.9
12.06,14.8
12.52,10.9
10.53,12.9
10.85,9.7
12.86,12.7
8.29,13.3
10.94,14.9
10.94,7.1
11.17,7.9
11.77,17.6
11.25,12.0
9.45,14.3
10.91,10.2
10.24,11.7
11.68,18.9
10.22,13.2
10.87,4.2
16.42,11.2
11.29,11.7
11.05,12.0
10.88,9.6
11.35,11.9
11.03,12.0
12.02,18.0
10.95,21.6
11.53,6.7
10.84,10.7
10.74,9.0
10.74,9.0
10.74,9.0
10.74,9.0
10.74,9.0
10.74,9.0
10.74,9.0
10.74,9.0
10.74,9.0
10.74,9.0
10.74,9.0
10.74,9.0
10.74,9.0
10.74,9.0
10.74,9.0
10.74,9.0
10.74,9.0
10.74,9.0
10.74,9.0
10.74,9.0
10.74,9.0
10.74,9.0
10.74,9.0
10.74,9.0
10.74,9.0
10.74,9.0
10.74,9.0
10.74,9.0
10.74,9.0
10.74,9.0
10.74,9.0
10.84,18.2
10.87,7.8
11.02,3.7
12.4,7.4
10.83,11.8
16.61,14.1
12.5,14.4
11.08,17.8
10.74,13.9
12.46,17.9
11.79,10.9
11.95,12.5
10.72,10.4
10.14,10.2
9.65,-4.6
15.02,8.6
9.85,15.1
12.15,22.9
11.33,7.8
11.09,7.6
10.14,9.5
11.8,11.2
16.55,9.7
11.32,21.6
11.29,17.5
11.16,16.7
10.65,13.8
11.62,12.5
13.61,12.1
10.62,12.7
12.07,8.2
10.74,9.0
10.74,9.0
10.74,9.0
10.74,9.0
10.74,9.0
10.74,9.0
10.74,9.0
10.74,9.0
10.74,9.0
10.74,9.0
10.74,9.0
10.74,9.0
10.74,9.0
10.74,9.0
10.74,9.0
10.74,9.0
10.74,9.0
10.74,9.0
10.74,9.0
10.74,9.0
10.74,9.0
10.74,9.0
10.74,9.0
10.74,9.0
10.74,9.0
10.74,9.0
10.74,9.0
10.74,9.0
10.74,9.0
10.74,9.0
11.0,9.0
10.93,13.6
11.79,15.3
10.99,10.7
9.3,5.8
11.64,5.9
10.19,12.3
10.68,10.9
10.33,9.2
11.96,18.4
9.4,2.1
11.14,9.5
9.66,7.4
9.94,0.5
8.62,-3.0
10.3,-7.4
9.6,-2.4
9.68,-1.9
9.44,0.3
10.85,6.7
13.14,8.7
10.43,-1.6
11.0,2.0
10.79,7.2
10.13,10.4
9.87,2.9
11.86,7.4
11.94,12.5
10.74,6.7
11.63,11.1
9.93,5.3
9.97,-2.7
10.51,3.4
14.28,15.9
10.37,-1.1
11.63,15.6
9.75,2.4
11.56,10.1
9.68,1.4
9.9,3.6
10.22,15.5
11.77,0.9
12.7,8.0
9.59,8.5
10.47,10.8
11.6,19.8
12.45,20.0
11.27,15.1
11.09,4.8
10.2,3.4
10.11,4.7
10.32,9.9
12.71,13.8
11.05,9.9
10.2,4.1
9.99,2.0
10.15,4.7
10.69,9.6
11.4,18.1
10.11,8.2
9.92,0.3
10.16,6.3
9.76,-3.0
9.85,3.2
12.01,-0.7
10.83,15.1
10.05,0.8
13.04,17.9
11.44,20.1
11.63,5.7
9.86,5.5
10.83,12.5
11.95,-4.0
12.47,-2.0
10.25,-1.9
11.27,10.1
10.19,3.9
9.13,0.1
10.05,7.1
13.74,8.0
11.35,-2.2
10.4,5.8
10.58,3.8
9.4,-0.9
14.73,13.9
11.24,8.0
13.31,14.9
10.74,3.0
9.58,5.4
11.13,18.0
11.67,4.0
14.03,16.0
10.58,3.6
9.84,3.6
10.18,2.8
10.02,11.4
9.75,1.0
9.91,3.6
9.76,0.0
9.41,3.6
12.25,3.6
12.25,3.6
12.25,3.6
9.34,0.0
12.25,3.6
12.25,3.6
12.25,3.6
12.25,3.6
12.25,3.6
12.25,3.6
12.25,3.6
12.25,3.6
12.25,3.6
12.25,3.6
12.25,3.6
12.25,3.6
12.25,3.6
12.25,3.6
12.25,3.6
12.25,3.6
12.25,3.6
12.25,3.6
12.25,3.6
12.27,3.6
4.14,3.6
1.41,3.6
5.81,3.6
1.21,3.6
13.22,3.6
12.45,3.6
0.63,3.6
-0.32,3.6
-0.54,3.6
-1.49,3.6
0.03,3.6
8.92,2.2
9.94,7.0
8.25,3.2
11.14,9.0
16.49,34.4
10.09,91.0
4.97,3.6
0.69,0.0
6.13,3.6
9.71,0.0
12.47,17.4
7.0,0.0
5.45,6.2
-1.48,3.6
4.67,0.7
12.25,3.6
2.44,0.2
13.67,3.6
8.37,19.5
11.54,3.6
7.83,4.8
9.73,1.7
12.49,2.1
5.98,2.4
12.25,3.6
4.51,3.6
7.77,3.6
10.4,1.2
11.85,0.5
11.05,43.2
6.0,3.6
16.72,7.4
12.25,3.6
5.91,0.0
10.35,13.6
12.25,3.6
4.48,4.4
12.25,3.6
16.38,4.2
13.05,38.1
8.45,3.6
16.77,3.6
12.23,59.4
10.33,0.0
12.26,0.0
8.35,22.3
12.25,3.6
11.19,11.4
12.26,52.9
13.09,13.2
7.35,3.6
10.77,2.1
12.25,3.6
10.54,3.6
7.6,3.6
8.14,0.0
10.71,3.6
6.28,1.0
12.25,3.6
15.71,54.1
13.18,0.6
13.15,2.0
14.7,9.9
15.1,14.5
17.47,28.7
21.1,2.1
21.01,77.8
13.05,34.9
9.68,3.7
8.61,3.6
11.75,13.5
9.65,3.6
12.25,3.6
10.87,3.6
8.3,2.6
12.91,5.8
12.25,3.6
11.08,11.9
8.51,0.6
11.42,2.8
11.64,1.7
9.15,3.6
6.07,3.0
10.42,3.6
14.59,8.8
11.18,78.7
7.3,0.0
13.32,32.6
11.35,3.6
5.21,0.0
12.36,2.4
10.76,3.4
10.45,3.6
9.15,11.2
8.84,3.6
9.13,0.7
13.55,3.6
12.25,3.6
13.91,3.2
11.18,3.9
8.92,1.8
10.54,3.6
12.94,5.9
17.76,3.6
12.95,17.8
11.47,1.8
6.47,20.4
6.48,0.0
10.97,3.6
12.25,3.6
12.25,3.6
12.25,3.6
12.25,3.6
7.69,3.6
7.37,0.0
4.82,3.6
5.65,0.0
7.35,0.0
10.51,0.0
14.54,4.4
9.48,11.3
13.14,3.6
10.4,20.6
13.35,0.0
11.36,2.8
14.77,11.0
14.61,19.2
14.49,6.0
11.28,9.9
12.49,3.6
17.63,3.8
18.81,53.5
10.68,23.4
13.86,3.6
14.74,6.5
17.61,0.0
9.17,5.3
18.34,3.6
16.41,100.6
13.17,3.6
9.35,5.0
14.29,3.6
12.08,3.6
10.32,130.9
13.35,3.6
15.51,3.3
13.97,32.5
14.31,3.6
12.99,34.4
12.0,3.6
13.85,3.6
13.07,28.8
12.67,1.0
13.34,6.4
16.65,2.0
20.61,102.4
17.03,132.2
10.77,13.9
15.85,0.2
16.0,16.1
15.88,24.0
15.91,1.0
16.46,1.4
18.21,30.9
17.37,18.2
22.08,126.2
13.46,20.6
19.74,2.3
16.87,21.4
20.25,18.1
19.16,37.4
14.91,3.4
11.4,9.2
18.34,39.8
16.19,31.8
19.42,16.6
21.78,3.6
17.56,55.4
15.16,3.6
13.69,0.0
16.62,0.7
10.2,3.6
12.47,3.6
12.99,10.8
10.1,3.6
13.37,3.6
19.05,5.4
16.98,9.6
15.59,4.4
11.01,3.6
5.74,3.6
7.1,3.6
10.98,3.6
11.75,3.6
8.82,0.0
16.58,3.6
12.25,3.6
12.22,0.2
12.62,3.6
14.44,6.6
12.25,3.6
11.53,16.1
14.5,4.8
13.56,3.8
17.48,1.2
16.03,37.5
10.74,1.4
10.47,3.6
8.69,1.6
18.57,1.0
14.79,56.7
16.37,4.8
14.79,77.0
15.97,0.8
11.78,8.4
12.28,15.4
11.74,3.6
9.71,3.6
14.39,0.0
11.06,4.8
11.46,1.0
10.2,3.6
9.98,0.0
11.43,1.3
12.21,5.4
13.4,3.6
13.98,10.1
12.8,2.0
11.5,0.2
14.56,1.4
11.31,2.5
11.36,0.0
12.32,3.6
13.65,4.1
12.14,6.6
12.26,2.1
8.3,30.3
11.52,14.4
6.58,1.6
9.07,25.6
17.83,7.2
14.45,70.9
13.76,35.0
10.21,0.0
7.3,3.6
7.41,3.6
12.32,81.2
12.25,8.3
11.01,3.6
8.29,2.9
14.51,0.0
9.04,17.2
18.92,32.7
11.83,76.5
10.42,0.6
11.27,5.8
12.25,3.6
12.25,3.6
12.25,3.6
12.25,3.6
12.25,3.6
12.25,3.6
12.4,6.1
7.75,9.1
12.25,3.6
12.78,12.9
12.16,3.6
8.04,0.0
3.34,0.0
7.91,0.0
2.91,0.0
5.9,0.0
14.5,20.8
10.63,1.6
3.34,3.6
2.9,3.6
6.63,3.6
4.54,0.0
7.85,3.6
6.55,2.8
12.08,3.6
5.25,28.1
10.14,4.0
5.0,17.0
8.22,34.4
7.19,0.0
7.16,0.0
13.52,0.0
11.29,20.0
5.27,3.6
5.34,3.6
7.35,2.1
1.97,0.0
4.8,3.6
8.68,2.5
11.32,35.4
8.84,9.6
17.71,51.5
5.2,58.7
8.01,0.6
11.39,3.6
10.81,3.6
5.77,12.2
2.0,0.0
5.59,3.6
12.16,32.7
12.75,17.1
9.95,2.2
1.53,4.6
7.79,12.4
2.49,0.0
-3.14,3.6
9.22,3.6
1.31,0.0
5.08,29.8
0.3,0.0
1.96,3.6
6.27,0.0
12.25,3.6
12.25,3.6
12.25,3.6
12.25,3.6
12.25,3.6
10.8,14.8
5.87,10.2
10.49,5.1
1.97,5.6
8.06,5.2
16.97,83.2
7.16,3.6
6.72,3.6
6.86,0.0
4.69,1.2
5.8,3.6
5.57,3.6
13.11,3.6
16.8,5.9
8.97,24.8
9.43,2.8
7.83,1.2
11.99,1.2
6.28,1.3
5.25,3.6
6.42,3.6
13.8,3.6
2.93,1.4
3.69,3.6
8.75,1.4
9.02,3.6
12.94,4.4
12.29,61.1
11.43,2.0
11.29,3.0
12.63,3.6
12.44,12.5
3.08,2.7
2.33,4.5
7.51,23.6
5.68,1.8
5.51,0.0
4.04,0.0
11.84,13.2
4.34,0.0
10.6,11.7
14.94,14.7
8.94,4.6
6.42,13.3
10.33,3.6
11.87,3.6
6.21,0.0
7.63,0.2
13.74,0.8
10.98,4.8
6.66,3.6
13.72,3.6
8.71,5.2
8.33,0.0
16.89,44.2
14.8,3.6
10.39,2.8
14.63,0.8
13.79,5.2
11.85,21.9
10.18,15.6
16.29,20.8
19.03,77.5
10.17,8.3
9.38,5.0
10.21,0.0
11.41,15.1
12.25,3.6
12.25,3.6
12.25,3.6
12.25,3.6
12.25,3.6
12.25,3.6
12.25,3.6
12.25,3.6
12.25,3.6
12.25,3.6
10.1,3.6
10.21,1.0
12.25,3.6
12.25,3.6
12.25,3.6
11.6,3.6
10.26,0.4
-0.19,11.0
3.72,0.0
14.58,61.6
12.25,3.6
12.25,3.6
12.25,3.6
11.15,10.5
12.63,23.0
9.05,3.6
7.57,0.9
14.32,31.0
11.79,31.8
13.58,3.0
5.07,9.9
8.33,29.8
14.17,1.2
11.06,32.8
8.95,0.0
9.03,3.6
9.05,0.0
11.64,7.2
13.49,4.2
13.61,3.6
12.68,6.4
10.25,7.2
11.83,0.0
10.16,0.0
11.3,1.0
13.71,0.2
10.11,25.9
11.04,26.6
12.68,0.0
7.76,0.6
9.26,0.0
14.99,3.6
12.5,5.7
11.87,3.6
7.1,0.0
9.79,0.0
6.34,1.2
7.8,2.2
5.89,0.0
7.23,4.6
4.12,3.6
10.48,5.2
16.47,8.0
6.39,0.4
7.45,3.6
9.87,3.6
12.51,22.0
18.13,122.3
11.79,21.4
9.41,3.6
15.0,0.0
13.74,10.0
14.23,7.8
14.93,2.8
13.65,3.6
13.69,0.6
15.2,10.0
10.33,3.6
11.23,37.5
12.77,12.7
10.87,49.5
9.55,15.0
13.46,0.0
14.23,3.6
10.79,20.6
10.49,0.6
11.54,4.2
17.17,2.2
18.92,57.2
9.13,0.0
10.67,5.7
4.81,3.6
8.76,3.6
11.07,1.7
10.01,4.1
13.1,16.0
10.87,3.6
15.66,6.4
12.7,31.6
10.97,28.0
18.94,12.1
13.0,17.5
9.16,0.9
10.86,0.0
5.94,2.8
13.86,3.6
19.64,0.0
13.17,116.7
11.19,14.0
13.58,41.0
11.19,0.0
11.03,6.3
6.25,0.0
7.82,6.1
14.81,2.0
12.35,0.6
12.13,0.5
14.74,8.7
15.29,0.2
13.34,3.2
10.38,0.4
8.81,3.6
8.93,1.2
9.03,1.4
9.06,22.4
9.73,0.0
13.0,18.8
13.79,8.8
15.04,29.0
15.16,6.1
12.82,3.4
17.69,3.6
21.14,36.4
10.61,3.6
22.27,29.5
16.07,33.5
9.57,0.4
16.0,26.3
12.68,1.0
9.41,3.6
10.43,0.0
11.63,4.8
12.55,1.4
9.99,5.0
11.05,2.0
10.79,2.9
11.03,1.0
10.17,2.2
11.95,0.7
11.61,44.0
14.11,25.8
10.35,0.0
13.45,3.6
12.37,0.9
21.54,8.0
17.22,30.0
12.88,64.6
12.53,7.2
13.17,1.0
16.89,42.4
17.76,7.4
14.56,43.6
18.02,1.5
14.43,3.6
17.08,22.4
17.52,10.6
11.1,2.0
12.59,0.0
17.15,11.8
9.75,121.4
7.42,0.9
12.92,0.6
14.66,9.8
9.33,0.2
4.49,1.4
12.49,0.2
14.06,0.7
14.45,40.0
11.09,3.6
9.38,3.6
14.22,1.4
13.75,6.4
11.27,7.4
14.04,27.8
13.64,0.6
15.1,0.0
12.42,20.0
13.01,1.4
9.94,3.6
8.56,1.3
8.32,1.3
14.5,0.0
9.37,3.9
11.18,3.6
13.93,90.0
14.72,0.3
15.92,1.2
13.69,4.5
16.11,3.9
14.27,39.6
21.98,82.0
12.26,13.2
10.17,0.0
15.73,0.9
15.65,25.7
13.98,4.8
14.37,3.8
8.09,3.6
6.98,0.0
12.23,3.6
13.56,20.2
11.15,0.3
12.35,59.8
9.04,59.8
8.78,0.0
13.88,38.2
12.55,1.2
11.2,17.7
10.31,3.6
10.4,3.4
10.94,3.6
16.3,47.9
10.7,3.6
6.77,24.8
1.47,3.6
9.49,2.7
11.43,0.3
6.21,1.6
2.55,3.6
5.49,3.4
2.49,0.0
1.35,0.0
10.37,0.0
5.51,0.0
7.59,0.0
6.04,17.7
3.73,0.0
10.41,3.6
7.93,7.7
3.33,3.6
1.74,0.0
2.29,0.0
8.91,4.0
7.17,3.6
6.01,0.0
12.25,3.6
12.25,3.6
12.25,3.6
12.25,3.6
12.25,3.6
12.25,3.6
10.83,14.4
5.3,0.0
2.35,0.0
11.85,3.4
4.23,6.6
6.68,3.6
5.08,0.0
6.92,0.0
12.9,16.0
7.68,3.6
9.25,3.6
12.25,3.6
12.25,3.6
12.25,3.6
12.25,3.6
12.25,3.6
12.08,3.6
11.31,0.0
5.62,2.1
1.31,0.0
-0.67,0.0
3.4,2.2
18.31,35.7
11.21,14.8
2.78,2.3
6.99,0.0
7.5,2.3
3.63,0.0
9.11,0.0
1.13,0.0
2.82,0.0
8.14,21.4
8.66,3.6
11.95,16.0
1.6,2.4
10.06,0.0
7.67,3.6
16.06,77.0
5.83,16.2
3.76,0.0
-0.79,3.6
4.9,3.7
8.42,0.8
17.29,12.0
12.7,50.6
9.58,3.6
6.03,0.6
5.75,0.0
7.09,0.0
7.86,1.6
7.25,4.8
10.5,3.6
10.48,27.6
8.85,11.7
7.96,0.0
15.24,11.8
12.73,8.8
10.01,43.2
12.59,1.8
8.65,44.2
16.51,26.4
12.92,7.2
9.83,12.6
8.76,3.6
-0.79,4.6
3.89,3.6
-0.14,0.6
-2.42,3.6
7.49,14.6
11.13,0.3
7.09,13.7
-2.46,0.0
-3.65,3.6
-3.78,15.7
-2.2,0.0
-0.95,3.6
-9.92,0.0
9.73,0.0
0.85,0.0
13.1,5.0
7.0,2.0
2.12,0.4
0.31,0.6
2.46,11.6
5.71,1.8
12.11,2.1
12.11,0.0
14.8,6.4
14.69,7.6
13.43,9.1
7.75,2.6
5.09,11.4
3.62,0.0
10.15,0.0
12.25,30.8
-0.38,14.8
4.33,6.0
-1.19,0.0
2.96,3.6
10.69,23.4
9.26,4.2
3.14,2.0
6.68,4.6
10.69,3.6
9.17,1.2
6.83,3.6
6.77,16.0
4.4,3.6
2.9,69.5
9.46,1.3
9.84,3.6
14.91,0.6
11.21,23.1
11.64,3.9
12.16,23.1
6.29,31.0
4.16,0.0
4.15,1.4
7.48,0.0
4.9,24.4
2.98,37.8
14.91,0.0
10.26,41.8
7.62,0.0
8.4,8.4
4.43,0.9
14.05,24.2
9.46,21.3
8.48,6.1
10.3,2.7
6.07,14.5
5.56,2.0
6.29,62.2
7.75,3.0
6.03,0.0
7.29,0.0
7.98,2.4
14.33,27.5
10.84,32.4
15.31,8.8
11.43,18.2
15.26,6.8
12.71,2.6
6.53,0.0
3.74,1.0
7.57,0.0
7.27,3.6
6.75,0.0
7.29,1.6
13.16,3.6
7.11,3.6
9.21,0.0
10.87,2.9
11.25,9.3
12.08,11.7
6.2,4.4
10.8,40.4
11.93,3.6
7.77,2.0
8.08,9.6
8.86,5.7
3.77,0.0
16.71,55.4
8.5,14.0
18.16,0.5
15.17,16.1
10.14,3.2
6.82,0.4
5.61,0.0
10.23,3.6
12.14,4.6
11.42,2.0
0.18,0.6
5.69,3.6
4.91,0.0
8.68,3.6
14.91,2.6
13.23,31.4
10.44,31.2
10.85,2.5
6.96,0.4
6.91,3.6
11.58,7.9
12.26,3.2
11.84,8.4
13.58,1.4
12.09,2.2
9.62,3.6
11.84,3.6
12.89,6.6
12.89,32.0
13.43,23.4
11.97,20.8
14.75,58.4
10.77,23.4
10.39,3.6
15.6,3.6
6.28,19.2
7.16,0.0
12.39,0.0
10.62,9.6
6.72,5.8
13.04,0.0
6.07,3.6
7.84,0.0
8.68,0.0
11.43,0.7
6.55,3.6
13.03,0.0
15.85,9.2
15.08,14.6
14.04,32.9
8.25,3.0
11.22,0.0
14.36,6.4
18.52,22.4
15.45,8.4
13.28,2.3
11.45,0.0
17.51,1.6
11.28,136.6
18.9,0.6
14.96,23.2
11.73,3.6
13.07,3.6
15.38,47.6
14.73,15.0
13.73,15.0
13.28,3.6
12.71,9.1
11.66,0.0
14.62,0.3
10.9,2.6
12.48,7.4
14.73,17.2
11.52,0.0
13.56,5.6
8.05,2.2
15.33,0.0
15.09,1.2
20.96,15.0
23.45,50.3
13.64,8.0
14.08,5.3
10.81,0.8
14.48,4.0
10.62,3.6
9.77,3.6
10.99,0.0
12.56,1.2
10.4,0.0
9.57,0.0
9.14,3.6
14.72,3.6
12.25,3.6
15.16,19.2
14.43,3.6
3.26,3.6
7.72,3.6
15.29,0.4
11.99,64.8
15.69,0.0
10.2,0.0
13.87,0.6
14.77,12.4
16.09,29.1
15.67,3.2
16.26,7.2
18.53,20.8
13.15,7.7
9.35,0.0
13.92,3.6
7.77,6.5
9.27,1.2
4.09,0.0
10.97,0.8
8.35,0.0
11.02,3.6
13.09,0.0
11.82,0.0
14.04,48.8
15.16,3.6
15.71,0.6
14.66,25.0
14.48,3.0
12.91,4.8
11.2,0.6
12.3,4.0
14.91,3.6
15.23,2.2
12.35,1.9
17.36,0.1
14.6,18.5
15.31,2.5
16.5,6.0
15.26,79.2
14.83,2.0
13.16,37.0
13.6,1.6
8.82,5.0
3.5,2.2
5.4,0.0
16.97,56.6
15.82,4.6
15.05,3.3
15.46,2.4
11.42,0.0
10.34,0.0
7.48,0.0
12.28,3.6
8.89,3.6
11.98,6.8
7.41,0.0
7.53,0.0
0.65,0.0
9.58,0.0
13.94,28.7
11.46,22.2
7.05,3.6
8.21,0.0
6.4,0.0
16.91,8.0
15.87,4.2
15.95,64.1
9.12,4.6
10.53,0.0
10.69,14.7
13.14,0.7
14.68,2.6
14.37,5.4
12.06,14.5
9.81,1.5
12.09,3.6
11.32,1.0
11.45,25.0
14.5,8.2
17.01,2.6
14.03,14.8
11.05,0.4
9.96,0.0
9.8,0.0
17.36,23.4
15.81,34.0
9.33,9.3
6.55,0.0
9.71,0.0
2.02,4.3
4.86,0.0
1.12,3.6
3.98,0.0
6.6,0.0
7.28,3.6
4.82,14.4
9.11,0.2
7.34,12.8
9.02,3.6
11.41,17.8
7.82,3.6
3.57,5.4
3.34,1.4
5.43,2.2
3.21,0.0
3.71,0.0
4.28,3.6
5.83,3.6
11.81,5.4
9.45,0.6
8.63,2.8
6.1,31.3
13.29,39.6
3.94,32.0
4.43,3.6
4.32,0.0
3.2,0.0
8.05,3.6
7.2,3.6
10.76,0.8
-2.84,3.6
11.24,2.2
11.45,3.6
6.19,36.3
7.38,0.0
7.36,0.3
10.29,3.6
8.52,38.0
4.01,0.0
10.68,3.6
9.61,0.8
-1.55,4.6
15.49,26.8
8.64,18.0
3.04,0.0
8.3,0.2
4.57,3.6
7.6,8.1
4.88,29.8
10.2,11.3
16.32,21.8
14.65,78.8
6.54,1.8
9.82,3.6
10.64,26.8
15.59,15.3
10.51,28.9
8.34,1.6
10.13,10.0
7.77,17.2
9.62,43.9
5.25,3.6
0.9,0.5
-0.86,3.6
-2.89,3.8
5.78,3.6
3.81,0.5
1.43,3.6
6.06,0.0
6.06,10.6
-3.08,3.6
-0.94,0.9
1.17,0.0
8.73,2.2
13.39,30.2
5.6,9.5
13.94,11.7
12.15,36.4
6.7,1.4
10.8,0.4
12.94,55.4
12.48,0.0
14.93,94.2
4.29,14.1
3.69,3.6
-6.94,3.6
1.1,0.6
-0.86,3.6
11.02,9.5
6.21,3.6
2.6,0.0
3.69,46.6
4.39,7.8
4.17,3.1
14.0,1.0
9.23,7.8
9.2,8.8
8.94,44.7
-0.0,3.6
-4.66,3.6
-4.18,3.6
2.32,3.6
8.54,2.0
5.77,2.0
5.9,6.1
5.91,0.4
8.27,13.1
9.57,16.2
5.69,3.6
13.87,3.8
9.0,17.9
10.92,0.0
11.55,24.8
-0.92,4.4
8.65,38.9
6.49,5.6
3.8,0.4
5.84,0.0
8.81,10.8
9.37,1.5
10.56,1.3
8.61,3.1
3.58,3.6
9.06,4.4
10.53,6.4
12.2,40.3
14.59,3.6
2.35,3.6
-0.27,0.0
6.21,0.0
-2.55,3.6
2.53,3.6
3.84,38.2
7.5,59.7
3.37,1.0
13.84,10.1
9.37,82.4
3.65,13.4
-5.56,3.6
-4.97,0.0
0.13,0.0
0.33,0.0
1.21,3.6
0.01,0.0
9.37,0.0
-0.63,3.6
-1.18,0.0
10.45,0.0
10.21,0.0
2.76,0.0
0.66,0.0
5.96,3.6
16.17,2.3
17.32,30.2
10.04,18.9
6.97,19.3
6.09,12.8
10.1,60.0
12.25,20.8
8.13,2.3
5.43,3.6
5.34,0.0
3.17,0.5
1.98,0.0
5.2,0.0
3.02,0.0
8.39,0.0
5.78,2.0
13.96,12.8
14.57,4.0
8.65,28.5
8.21,3.6
4.2,0.0
3.52,0.0
3.07,0.0
4.31,6.1
10.6,0.0
10.32,2.5
8.49,3.6
9.77,3.6
10.74,4.1
9.1,0.0
10.27,7.8
9.95,14.8
16.57,1.2
14.68,5.9
11.77,9.2
12.69,3.6
19.36,46.6
19.96,20.6
13.23,7.1
9.19,1.3
9.92,0.0
4.32,0.0
6.31,0.0
7.93,47.6
7.02,1.4
5.99,0.1
9.62,28.5
8.63,6.8
7.43,8.9
12.52,2.0
7.77,37.0
8.77,3.6
4.63,0.3
5.59,3.6
10.88,0.0
10.62,3.2
5.63,3.5
6.65,0.0
8.62,3.6
12.95,0.0
11.86,13.8
13.98,1.7
9.32,2.2
11.77,22.0
12.78,3.6
10.58,9.8
9.25,3.6
12.25,7.0
11.38,0.4
10.49,0.0
16.83,84.4
12.33,19.4
16.14,0.0
14.75,1.2
12.03,6.6
8.0,3.6
10.88,3.6
14.49,3.6
13.41,17.7
13.21,33.0
15.29,2.2
13.98,3.6
12.83,0.2
8.56,3.6
12.31,0.0
9.95,0.2
8.03,0.0
9.65,0.0
16.03,0.0
18.97,3.0
17.44,26.1
21.13,7.4
22.6,17.2
19.48,20.8
20.96,5.7
16.03,57.4
12.58,36.6
16.61,4.6
15.65,2.9
9.64,0.0
16.64,2.6
14.23,3.6
18.88,3.6
20.64,26.2
17.96,5.7
20.66,12.6
17.56,10.6
18.62,3.6
7.96,6.8
12.05,1.0
11.69,3.6
15.17,3.6
16.57,0.0
15.65,3.6
17.0,24.0
19.18,6.4
17.29,10.1
19.67,0.0
20.28,2.2
13.76,27.1
13.34,2.1
18.71,3.6
19.84,2.9
18.88,24.1
20.18,7.2
20.66,4.4
17.98,4.7
19.86,3.1
22.65,13.4
23.72,30.6
16.63,4.4
22.86,0.4
21.48,44.3
18.16,2.7
17.74,6.3
15.66,14.6
19.57,7.5
20.26,3.6
22.4,9.1
22.64,6.8
18.22,5.6
16.89,3.2
12.29,2.7
16.97,10.6
7.69,3.6
12.69,3.6
10.71,0.8
15.86,0.0
15.08,7.4
16.12,0.1
22.31,20.9
18.93,34.6
14.95,9.9
8.69,3.6
13.16,0.0
14.02,9.2
14.32,3.6
19.49,0.2
22.18,4.4
18.23,17.7
16.17,0.2
13.79,1.2
15.29,0.0
13.7,1.2
16.54,6.4
14.13,0.2
11.56,0.8
14.03,3.6
11.16,3.6
12.72,2.6
15.82,8.6
15.49,3.6
15.36,1.0
11.9,3.6
13.37,2.4
21.93,31.8
15.17,75.9
15.16,0.0
11.02,0.0
11.54,0.0
11.81,6.2
13.03,1.6
20.11,32.8
16.76,6.6
14.07,3.2
13.39,4.0
13.43,32.0
13.52,3.2
9.52,30.2
13.5,0.2
11.89,4.9
10.96,0.0
11.66,3.6
9.49,0.0
11.75,22.4
16.78,14.0
10.83,4.0
6.68,2.6
14.1,3.6
14.72,31.6
12.22,43.8
8.32,0.2
12.63,0.0
13.73,119.8
14.69,40.0
5.39,3.6
4.73,0.0
8.13,3.2
6.77,16.4
8.84,0.8
12.07,36.8
8.98,0.0
9.51,0.0
9.25,2.4
15.83,7.0
10.08,35.0
8.97,4.2
11.05,3.2
9.1,8.6
15.56,3.6
9.23,19.2
11.28,3.0
8.92,16.6
5.95,2.0
3.37,0.0
3.43,0.0
2.63,3.6
2.82,0.0
4.94,0.0
8.14,3.6
15.22,8.5
14.09,3.2
9.25,27.9
8.57,3.6
5.69,0.0
6.38,0.0
2.89,0.0
5.53,0.0
4.66,3.6
1.33,0.0
1.6,0.0
-1.01,0.0
-2.99,0.0
-0.98,0.0
2.17,0.0
2.28,0.0
4.08,0.0
1.68,5.5
-1.18,0.0
9.65,0.0
3.24,17.4
5.06,3.6
-1.66,0.0
-0.08,0.0
0.64,0.0
3.27,0.0
1.01,0.0
2.99,4.2
-2.2,3.6
9.2,0.0
2.71,16.4
1.34,0.0
-0.09,0.0
2.2,0.0
1.35,8.6
5.91,9.4
0.72,9.4
0.94,0.0
3.06,6.8
-2.71,0.0
3.95,23.4
9.06,2.2
-10.12,22.5
-4.27,0.0
-0.41,1.0
-3.76,3.6
0.12,0.0
-4.05,3.6
-0.18,0.0
0.99,3.6
8.29,0.0
9.66,33.2
5.35,9.9
2.29,0.0
8.41,32.2
9.75,3.6
3.27,2.0
4.85,4.2
3.74,0.0
11.49,43.2
8.17,21.0
-0.3,0.8
5.31,0.0
6.44,3.6
5.23,0.3
2.07,3.6
-6.01,3.6
-6.26,0.0
-0.53,0.0
-5.18,1.1
-5.44,2.6
4.76,0.0
1.83,18.2
-0.1,0.0
3.96,0.0
-7.43,0.0
-10.05,3.6
-9.17,0.0
-4.91,0.0
-9.17,3.6
-10.36,0.0
-2.81,0.0
-5.08,0.0
-0.42,3.6
4.97,0.0
7.83,3.6
1.8,0.3
1.94,29.6
-8.09,8.8
-3.03,2.6
-6.64,0.2
0.31,9.8
-2.09,3.6
-0.17,3.6
7.42,3.2
9.93,8.1
6.85,37.8
15.08,3.6
-2.13,28.4
-4.11,3.6
-3.5,0.0
1.62,3.7
7.82,18.2
8.87,0.0
6.47,35.6
3.22,3.6
5.31,1.8
7.83,1.0
7.57,1.8
2.36,0.0
3.84,3.6
10.75,0.0
11.93,8.0
11.94,0.3
15.01,53.8
6.07,56.6
6.49,3.5
9.2,0.0
8.66,7.0
6.01,0.0
5.42,0.0
14.7,17.7
11.74,8.0
9.85,13.4
3.01,0.0
4.69,0.0
9.64,0.0
12.28,57.2
12.66,7.8
19.64,27.9
6.36,54.5
11.35,11.8
5.46,4.0
2.34,0.0
3.62,0.0
6.81,0.0
4.54,2.0
8.75,6.0
2.76,11.2
8.73,0.0
8.34,57.6
13.12,4.2
11.9,3.3
8.25,4.6
8.98,1.3
4.53,4.3
4.37,9.2
1.48,3.6
5.51,1.0
5.97,8.4
3.04,0.0
5.58,39.2
8.99,0.0
14.32,13.8
12.94,32.2
2.96,22.5
12.25,3.6
12.25,3.6
9.47,1.2
5.05,0.2
6.14,0.0
8.92,28.1
3.63,9.4
9.62,0.4
10.92,16.2
13.89,0.0
13.78,15.8
17.19,63.9
18.81,66.8
8.28,19.7
7.26,3.6
9.89,0.0
8.48,6.0
7.09,0.6
5.57,0.0
3.37,0.0
1.94,0.0
4.68,1.0
9.94,25.1
13.9,38.1
9.96,0.4
12.0,1.9
11.03,0.8
10.06,20.4
6.6,0.0
7.73,3.6
6.05,1.5
8.86,3.6
13.64,1.2
10.6,11.8
13.25,3.6
12.93,54.9
17.2,0.6
14.76,4.1
11.92,4.1
8.18,3.2
7.55,0.8
10.96,22.9
13.19,3.6
9.61,56.6
10.55,10.4
11.8,1.0
18.01,8.3
6.53,62.2
7.19,0.0
13.03,0.6
12.34,105.0
14.98,19.6
19.11,23.4
12.49,147.2
16.37,8.0
14.71,4.2
13.57,0.6
11.02,2.6
13.89,9.2
14.99,84.7
12.72,3.6
6.86,11.2
11.79,0.0
13.87,10.4
11.54,44.8
16.75,7.8
14.65,1.4
14.46,7.6
13.67,7.2
12.32,3.4
12.65,0.0
10.93,7.4
12.29,0.0
15.22,4.0
13.68,8.6
11.23,6.0
10.09,13.6
11.37,0.0
11.44,3.6
11.23,1.6
8.81,5.3
14.83,0.0
14.83,91.0
11.36,2.4
13.55,0.0
12.63,1.6
11.48,4.0
14.67,0.0
15.84,0.0
15.7,6.8
15.0,2.6
11.97,38.8
13.7,3.6
12.05,1.6
11.82,6.7
13.79,2.4
15.94,9.2
12.95,9.4
12.49,0.0
13.97,3.0
17.4,5.6
20.49,43.6
15.96,25.7
16.21,3.6
14.31,3.3
14.45,0.0
8.32,1.8
11.93,0.0
12.55,14.1
14.6,15.4
16.96,0.0
17.61,17.1
19.86,10.1
11.26,123.2
8.45,0.0
13.82,0.2
13.45,3.2
14.92,34.4
18.31,81.2
14.65,3.6
13.67,37.1
11.45,11.2
7.48,0.2
6.24,3.9
12.4,0.8
14.35,13.8
11.5,49.4
9.29,8.0
8.38,0.0
5.26,0.0
7.9,3.6
7.44,3.6
9.6,1.0
9.73,3.4
14.89,1.4
13.53,3.8
9.93,0.6
11.34,5.3
10.35,1.0
13.33,2.8
13.15,14.0
16.44,5.0
11.95,16.4
12.39,4.0
9.86,3.6
10.62,3.6
15.34,12.4
15.4,45.6
9.14,2.6
8.6,1.4
12.25,3.6
12.25,3.6
12.25,3.6
12.25,3.6
12.25,3.6
12.25,3.6
12.25,3.6
12.25,3.6
12.25,3.6
12.25,3.6
12.25,3.6
12.25,3.6
12.25,3.6
11.33,1.0
10.71,10.1
10.9,20.2
11.54,5.0
11.19,3.6
14.22,2.4
19.26,34.1
9.7,15.1
4.28,0.9
10.87,0.9
12.54,34.2
7.06,2.2
4.6,16.2
4.3,3.6
13.24,0.0
8.95,29.2
9.12,0.7
11.4,5.8
10.65,3.6
9.75,2.4
12.96,45.1
12.22,3.6
11.75,0.0
12.42,46.0
8.87,3.6
5.6,3.0
5.83,0.0
6.65,2.8
7.33,0.0
4.27,0.2
13.74,0.9
8.31,60.5
6.17,5.6
4.82,0.0
5.84,5.2
9.87,1.2
16.08,15.8
8.5,26.9
3.62,0.0
2.91,0.0
3.5,3.6
2.87,3.6
10.94,0.0
7.72,21.9
10.09,3.6
7.65,16.4
7.19,1.2
12.41,1.6
5.63,5.4
7.44,0.0
6.63,7.2
12.09,3.6
2.87,5.6
5.82,0.0
3.2,3.2
7.23,3.6
4.73,3.8
2.94,0.0
7.15,3.1
8.33,24.8
6.33,2.2
7.84,0.0
12.25,22.6
6.0,0.8
14.62,3.2
12.67,35.5
0.65,0.0
7.05,0.0
6.9,11.0
6.08,4.2
4.53,0.0
8.78,0.0
-0.58,3.6
3.22,0.0
2.37,3.4
1.84,0.0
-0.82,3.6
3.67,7.0
6.12,10.4
13.43,1.7
17.45,21.1
3.78,11.5
4.05,0.0
12.0,2.7
8.74,5.7
-2.35,1.5
1.06,0.0
-0.41,0.0
5.19,2.3
6.41,4.4
8.58,0.3
11.52,5.4
6.38,4.5
5.97,3.6
5.14,0.0
8.91,1.2
7.6,0.3
11.58,1.0
9.15,22.7
10.98,2.6
8.1,0.3
10.88,3.6
10.62,1.2
11.15,1.9
10.68,4.9
3.77,3.6
6.51,1.2
12.27,3.6
6.27,8.2
5.34,3.6
6.28,5.2
7.97,62.8
13.05,3.6
9.17,8.2
5.76,3.6
2.79,0.0
11.77,0.9
5.7,1.2
-0.13,4.2
8.04,1.0
10.42,1.5
9.35,16.5
11.09,4.3
18.01,77.9
8.85,9.5
4.63,0.0
8.2,22.0
14.93,3.6
11.03,4.7
7.28,2.6
12.53,39.2
6.86,5.6
11.32,4.0
3.29,3.6
7.34,0.0
1.05,0.7
-1.33,0.0
1.25,0.0
4.17,20.8
11.14,11.5
14.32,2.4
19.06,31.3
5.62,6.0
6.34,10.6
7.94,13.4
6.9,9.4
0.66,6.8
2.98,2.8
1.2,3.6
9.22,3.6
5.86,4.4
8.26,0.2
-2.22,3.6
3.73,0.0
9.46,2.0
8.17,35.2
-0.59,1.6
4.53,5.4
15.17,10.4
15.2,21.9
11.94,34.6
3.27,3.6
8.34,10.0
12.28,0.0
8.1,11.0
9.88,0.0
9.98,14.5
8.61,0.8
9.82,1.4
9.64,10.2
3.93,0.0
7.43,3.6
5.58,36.2
3.18,1.8
4.78,3.6
4.93,0.0
8.38,9.8
1.84,3.2
7.08,1.5
9.86,4.6
10.39,0.7
17.75,13.5
6.2,9.3
4.13,0.0
6.06,6.7
8.51,5.2
4.78,0.0
6.2,74.0
7.28,0.0
6.45,0.0
11.0,1.0
4.99,1.2
5.94,23.3
7.76,3.6
17.16,6.5
5.17,17.3
6.5,20.6
7.23,3.6
9.58,49.1
9.32,19.9
9.01,4.2
4.19,2.8
9.96,51.1
15.24,7.6
10.48,28.9
6.04,0.0
8.53,0.0
8.48,3.6
14.38,26.1
12.82,53.6
10.46,1.1
6.79,0.0
11.17,3.6
8.06,84.2
10.1,0.0
6.05,3.6
5.04,0.0
8.22,3.6
6.81,1.3
7.57,0.0
7.72,3.6
10.48,0.1
14.63,20.0
10.34,4.4
12.6,46.0
5.79,3.6
4.87,0.0
9.53,0.0
12.16,0.0
13.59,96.6
7.83,6.0
10.22,3.6
10.54,15.0
13.8,16.6
14.78,39.6
9.87,16.3
18.88,111.2
17.27,64.8
18.91,55.1
20.62,56.6
11.49,60.0
9.44,1.4
10.85,9.4
8.37,3.6
16.95,31.2
10.06,33.3
13.12,2.8
9.86,6.8
16.85,1.6
10.72,7.2
12.89,0.0
8.08,2.4
6.93,3.4
6.93,0.0
8.53,3.6
4.97,0.0
9.7,3.6
11.84,0.8
10.11,6.4
17.44,3.4
12.39,50.6
6.0,0.0
9.9,3.6
13.5,3.6
9.17,2.6
8.62,0.0
13.4,0.8
11.32,2.5
11.06,4.4
11.49,2.7
6.79,0.0
15.06,2.4
14.15,9.4
11.62,26.6
10.02,20.4
12.16,20.4
8.45,2.9
14.49,3.6
16.05,5.9
6.76,6.0
10.68,3.6
13.8,2.3
10.31,10.1
9.31,0.0
9.91,3.6
12.59,0.0
11.46,31.6
15.11,3.6
15.53,33.6
15.82,14.6
21.2,21.8
17.46,85.6
15.28,9.4
20.27,127.0
12.56,52.5
11.91,3.6
15.81,55.1
19.08,45.7
13.21,13.2
12.13,0.8
7.24,27.6
8.07,0.0
8.04,3.6
6.83,0.0
9.96,1.8
11.9,3.2
10.33,0.7
6.07,3.6
6.53,0.0
8.74,50.2
15.61,3.2
14.88,17.8
10.87,11.0
-1.51,3.6
9.98,0.0
10.68,29.4
12.42,6.6
12.58,13.4
7.54,0.0
13.6,0.7
17.19,3.6
14.9,6.6
8.05,40.2
13.02,15.4
13.36,6.6
11.95,5.0
13.46,4.2
11.55,0.8
6.23,8.1
13.17,0.4
13.95,4.7
12.8,15.6
9.81,1.2
9.36,0.4
12.36,1.2
12.23,0.2
13.17,3.5
12.63,68.0
7.68,3.6
12.36,13.0
13.99,3.6
15.67,12.5
16.74,39.0
9.59,77.4
6.97,1.2
12.23,3.6
3.36,1.8
9.86,3.6
12.31,3.3
8.54,3.6
12.16,1.3
11.96,6.8
10.74,9.7
10.03,3.6
13.45,3.8
16.3,128.4
9.07,0.2
11.84,0.0
12.79,8.4
10.93,1.2
8.5,3.6
17.53,17.2
10.17,57.0
11.11,5.6
10.45,12.4
7.77,28.2
12.02,3.6
13.55,13.4
17.37,7.0
15.23,22.4
16.66,15.0
9.4,42.4
15.56,35.8
12.34,7.4
7.28,0.0
11.39,2.8
9.33,4.6
8.41,3.6
4.38,3.6
5.56,0.0
4.06,0.4
12.74,24.8
7.79,1.8
2.86,0.0
4.76,0.0
5.66,0.0
7.99,6.2
9.19,1.0
11.82,2.2
15.26,47.2
6.45,0.4
5.93,1.3
8.43,3.9
7.52,0.8
9.49,1.0
12.34,52.5
14.23,22.8
15.06,66.0
6.4,61.6
6.46,0.0
0.08,3.6
9.91,0.1
7.56,27.2
3.37,64.0
6.41,8.8
9.83,1.4
11.62,0.8
6.82,21.5
8.92,2.4
18.82,1.0
9.72,73.7
12.13,32.9
16.77,3.6
14.38,18.0
8.3,1.8
8.88,1.0
13.27,2.5
5.24,16.0
5.1,0.0
3.92,3.6
11.06,3.6
11.57,14.4
8.94,5.4
4.99,3.6
8.39,3.6
6.68,3.6
3.86,0.4
4.51,3.6
3.72,1.5
12.92,3.6
9.03,3.1
13.5,26.6
5.06,1.8
15.16,24.0
12.25,3.6
10.08,7.1
11.33,56.4
11.59,9.7
5.83,13.5
2.1,3.6
9.78,6.5
10.58,7.5
7.75,3.0
5.66,0.0
7.07,4.0
7.22,3.6
10.29,3.6
6.96,14.5
11.31,19.1
5.14,24.9
11.76,11.7
2.86,34.7
7.34,3.6
3.09,3.5
-0.33,0.0
-0.85,1.7
3.44,13.2
6.29,40.6
5.39,0.0
7.27,0.2
5.76,0.0
7.66,0.0
8.09,3.0
8.26,8.2
14.2,14.5
13.53,6.6
5.51,0.3
5.14,0.3
16.93,12.4
4.17,20.8
5.25,3.6
3.71,0.3
-0.92,1.6
7.74,0.9
3.13,0.6
4.03,2.7
12.51,86.8
3.8,12.2
8.04,3.6
6.94,2.0
7.65,5.7
15.54,36.2
9.68,3.6
0.73,4.5
-1.84,0.0
6.17,0.0
10.23,1.0
7.59,42.5
1.21,3.6
5.0,1.0
-2.56,2.6
0.61,0.0
6.02,4.4
-1.52,0.0
5.47,0.0
5.03,29.4
6.66,0.0
9.6,13.6
7.34,3.0
9.17,5.4
13.77,12.2
6.91,37.2
9.75,1.8
13.29,3.6
16.48,7.1
7.48,20.2
11.33,2.4
8.27,8.0
8.56,3.6
11.78,3.6
3.44,15.4
9.08,38.2
13.89,48.9
1.46,31.2
5.58,27.8
6.83,15.1
8.69,1.6
10.74,3.2
8.33,1.2
5.34,3.6
3.34,3.6
8.46,3.6
3.48,0.8
5.69,32.2
11.66,3.6
15.46,11.2
9.35,12.8
4.87,3.6
4.71,2.8
16.74,1.2
10.86,104.6
8.92,3.6
14.47,16.9
11.7,39.8
7.54,17.4
8.87,18.2
9.62,10.8
10.05,3.6
13.52,23.4
10.69,5.4
16.4,15.8
16.63,15.3
15.14,38.4
5.3,23.8
2.19,3.6
6.18,3.6
5.84,0.7
2.57,2.4
7.55,4.8
12.78,13.8
11.61,19.9
7.94,3.6
7.9,49.2
8.08,3.6
4.1,3.6
5.91,3.6
0.13,3.6
5.17,3.6
10.61,1.0
13.72,38.3
14.66,15.7
10.79,19.2
12.18,3.6
10.78,4.8
16.35,13.4
14.52,37.0
7.96,4.2
9.55,3.6
7.73,3.6
10.76,3.6
3.55,1.7
7.76,3.6
11.08,1.0
4.21,1.8
8.45,3.6
12.3,3.8
10.46,112.8
10.95,1.2
13.46,38.7
8.07,1.2
8.83,1.2
6.69,3.6
-1.39,3.6
6.94,3.6
7.14,0.6
3.34,3.6
7.19,3.6
6.7,3.2
8.08,3.6
14.88,49.0
14.13,5.3
9.62,7.1
9.16,0.2
13.98,94.7
14.78,5.8
7.15,6.7
12.33,0.8
11.28,6.2
10.21,3.6
6.37,3.6
4.86,3.6
9.87,2.8
12.42,0.2
13.24,18.6
13.56,3.2
12.69,20.2
7.48,7.3
11.14,8.6
14.88,28.4
10.37,14.9
7.48,3.6
11.61,3.6
7.0,3.6
7.74,17.1
10.12,28.2
16.72,0.4
14.16,7.4
4.19,2.0
7.32,3.6
10.01,3.6
11.01,12.9
10.43,5.8
12.23,3.6
13.19,3.1
9.17,2.8
10.44,3.6
11.21,23.2
11.15,18.2
12.59,33.0
13.08,0.4
13.85,33.3
8.86,4.4
9.37,3.6
8.01,1.3
10.17,3.6
13.4,16.6
13.23,0.8
16.1,6.8
12.6,3.7
10.07,12.5
7.14,3.6
13.88,0.2
7.9,4.1
15.78,3.6
13.48,35.7
19.24,3.7
19.79,90.2
19.25,203.2
19.82,35.4
21.41,91.2
12.93,81.4
13.74,0.3
21.25,83.2
19.3,95.6
15.82,6.9
10.11,9.3
13.94,3.6
18.58,11.6
13.45,16.9
13.43,3.6
14.03,57.6
10.44,3.6
22.99,68.5
19.52,168.1
17.42,39.9
14.48,13.1
14.53,32.9
15.89,1.7
16.12,2.4
17.49,1.6
15.24,10.7
17.19,2.2
10.31,27.8
16.35,5.0
14.75,24.6
13.82,24.3
16.07,15.6
15.76,9.8
18.71,3.6
14.91,13.9
19.44,59.0
13.21,47.0
8.09,2.0
8.99,3.6
9.86,3.8
14.63,3.6
16.98,92.8
15.13,8.2
16.55,2.9
13.33,76.1
15.5,0.5
16.16,47.9
12.1,51.0
7.92,3.6
17.69,7.1
12.85,35.2
10.81,0.5
16.7,3.6
15.06,65.2
15.16,4.0
13.77,10.4
13.09,12.4
4.07,5.0
14.22,3.6
14.59,24.3
14.39,13.4
14.92,35.4
13.36,11.2
13.33,16.1
14.65,0.6
11.65,17.5
11.33,1.2
13.55,23.3
11.82,18.2
11.92,3.6
12.04,4.7
4.73,4.9
6.66,3.6
8.03,3.6
15.96,7.8
10.79,6.8
5.1,0.2
8.4,3.6
9.22,3.6
14.23,1.4
12.38,100.8
9.37,3.6
11.1,51.6
11.27,21.2
11.29,4.6
13.61,3.6
14.54,4.6
12.9,2.0
8.87,14.0
14.95,1.2
8.54,126.8
9.37,3.6
3.17,0.2
5.93,3.6
11.54,9.0
6.01,4.8
13.19,0.3
13.99,11.3
12.57,4.0
12.05,8.4
10.67,3.6
9.33,3.6
6.65,1.4
9.23,11.4
7.74,3.6
9.84,4.0
7.23,0.4
10.47,0.2
5.46,1.6
2.36,3.6
-0.35,3.6
3.09,2.4
-1.1,3.6
4.24,12.9
7.07,3.6
2.38,2.8
9.32,24.8
3.11,3.6
6.78,3.6
5.94,38.2
11.82,2.3
5.64,2.0
5.28,3.6
9.38,1.4
6.59,18.7
5.04,3.6
4.33,3.6
4.02,3.6
5.35,3.6
3.82,3.6
2.44,3.6
-0.29,3.6
0.71,3.6
6.32,3.6
11.99,0.2
9.83,2.8
9.1,0.2
6.8,3.1
14.66,4.8
5.31,15.7
4.43,3.6
10.43,3.6
8.46,32.0
11.99,3.6
7.99,9.1
7.31,3.0
6.67,12.4
3.03,9.7
8.91,0.6
4.91,3.6
2.21,3.6
4.26,3.6
4.44,4.8
-0.52,0.4
3.37,3.6
1.65,3.6
3.99,3.6
4.97,0.4
5.5,3.6
14.42,3.6
8.9,92.8
8.5,1.8
9.64,1.9
10.34,4.8
5.37,4.2
11.31,1.6
7.41,31.7
6.76,17.6
4.01,3.6
3.95,39.0
6.69,0.2
1.44,3.6
2.13,3.6
12.27,3.6
12.25,3.6
12.25,3.6
12.25,3.6
12.25,3.6
12.25,3.6
1.34,16.2
-6.35,48.5
-3.98,3.6
1.76,3.6
-4.48,3.6
10.65,3.4
12.25,3.6
12.25,3.6
12.25,3.6
11.16,0.9
4.8,21.5
9.92,3.6
2.79,3.6
2.11,3.6
1.47,3.6
0.91,3.6
4.77,3.6
3.56,3.6
-0.43,7.7
-0.45,3.6
7.07,3.6
6.51,44.8
6.2,9.0
3.01,3.6
3.71,0.7
7.84,3.6
9.83,3.1
9.24,32.2
11.59,4.5
9.59,3.6
16.76,2.2
12.78,13.9
6.39,9.1
5.81,3.6
11.39,7.4
16.49,32.5
13.33,108.3
12.77,44.4
4.51,1.6
3.39,37.4
11.37,53.8
12.25,3.6
-2.0,1.2
-3.41,3.6
-0.51,1.0
-0.03,1.2
9.18,60.6
12.25,3.6
12.25,3.6
2.51,2.6
11.39,3.2
9.1,6.0
12.25,3.6
4.82,3.6
11.48,3.6
12.25,3.6
12.25,3.6
12.25,3.6
4.31,3.7
9.95,7.2
12.74,24.8
7.68,1.0
7.8,9.8
4.36,0.8
13.61,19.0
6.73,28.4
3.2,7.3
4.48,3.6
5.45,5.4
3.5,3.6
5.28,3.6
5.28,3.6
6.93,3.6
2.29,3.6
5.05,3.0
9.18,5.0
13.59,3.6
5.26,10.2
6.24,13.4
4.11,3.6
6.98,3.6
5.79,0.2
11.71,1.0
6.51,15.8
8.31,3.6
12.36,3.6
11.77,14.6
5.4,13.6
12.6,2.6
7.25,13.8
10.61,3.6
11.2,13.8
4.5,0.2
11.63,76.9
7.31,2.9
15.11,3.6
7.1,49.9
6.25,36.6
11.52,45.4
12.25,3.6
2.45,3.6
-2.01,3.6
1.98,3.6
11.6,2.0
9.01,0.1
12.25,3.6
12.25,3.6
2.71,3.6
5.41,0.8
7.21,19.6
-0.84,3.6
7.59,3.6
6.75,65.1
3.92,3.6
10.76,3.6
11.36,9.0
10.49,3.4
7.96,9.2
11.59,6.4
9.6,3.6
10.15,0.8
11.37,3.0
12.25,3.6
11.19,3.6
10.73,5.2
11.01,4.3
14.11,45.7
11.93,3.6
6.96,22.7
6.5,3.6
12.3,15.8
17.75,50.4
9.64,14.6
10.43,3.6
13.4,18.0
13.75,7.6
16.1,39.3
13.38,16.8
8.91,4.8
-1.84,1.9
1.28,3.6
7.89,3.6
15.96,1.6
13.03,20.0
9.09,3.5
7.14,1.9
2.75,9.9
0.27,3.6
9.22,3.6
6.47,3.6
4.25,3.6
8.49,3.6
13.28,0.4
12.47,11.6
7.39,3.6
13.13,3.6
10.88,44.0
11.16,6.6
17.22,21.0
11.67,59.8
11.02,13.6
10.4,5.2
17.43,6.8
10.4,42.9
10.8,3.6
11.63,2.8
20.84,59.7
14.04,102.6
9.57,30.7
12.77,10.3
11.4,3.6
12.65,0.4
12.35,13.1
11.77,13.8
16.23,12.6
8.35,3.6
10.82,3.6
10.82,3.2
6.95,3.6
4.7,3.6
12.45,3.6
9.6,3.6
8.92,14.5
10.29,3.6
9.88,3.6
10.33,3.6
14.66,43.1
14.94,77.8
14.45,4.0
9.88,37.0
14.06,0.8
14.44,188.2
13.39,7.4
9.7,0.1
11.86,3.6
16.25,17.9
12.35,140.1
12.63,2.9
2.75,1.0
6.03,3.6
13.76,16.5
9.63,4.3
10.54,3.6
7.91,0.6
8.96,0.8
12.38,6.0
15.34,17.8
21.32,8.3
13.08,9.7
12.21,3.6
14.79,3.6
17.34,13.5
13.73,0.3
14.03,3.1
10.35,0.3
12.03,3.6
10.76,7.0
15.89,3.6
13.34,59.4
6.3,3.6
7.25,3.6
8.51,3.6
10.87,3.6
9.09,3.6
12.07,9.6
8.87,3.6
12.22,3.6
12.99,1.0
14.35,5.7
14.93,0.6
16.59,38.1
16.74,4.5
10.99,1.6
14.21,4.7
10.42,6.0
6.63,3.6
11.24,3.6
19.03,31.3
12.55,7.5
17.51,0.6
15.53,12.4
16.11,3.6
20.58,2.7
13.43,25.4
11.22,3.6
18.18,3.6
16.86,15.2
15.94,3.2
16.5,3.6
19.72,13.5
17.32,30.6
17.26,6.9
18.96,195.3
18.66,0.9
15.24,4.9
16.13,1.2
12.82,13.3
11.13,2.0
15.73,3.6
8.26,3.6
10.37,3.6
12.75,3.6
10.91,3.6
16.23,5.1
14.17,0.0
13.78,3.6
14.69,3.6
15.65,178.9
12.55,0.0
12.81,3.6
15.89,3.6
12.77,8.9
10.99,0.1
12.36,23.6
10.83,3.6
12.31,1.4
14.41,3.0
12.16,9.8
11.04,3.6
12.21,3.6
8.71,3.6
8.62,3.6
6.0,3.6
9.91,3.6
10.09,3.6
11.22,0.4
10.42,1.0
10.4,3.6
8.31,48.8
9.48,0.3
7.46,1.7
13.34,9.2
8.25,21.4
9.2,0.5
9.22,0.5
4.69,3.6
6.07,3.6
4.17,3.6
4.32,3.6
5.24,3.6
3.57,3.6
0.23,3.6
5.72,3.6
5.01,3.6
8.18,3.6
